<?xml version = '1.0' encoding = 'UTF-8'?>
<Entity class="oracle.dbtools.crest.model.design.logical.Entity" directorySegmentName="seg_0" id="35F649AA-5A38-9331-B7F9-3756968A7C69" name="Auth.Users">
<createdBy>Bryan</createdBy>
<createdTime>2023-03-03 09:05:51 UTC</createdTime>
<ownerDesignName>unicar</ownerDesignName>
<engineerTo>
<item key="C5168913-2EE6-57E0-C779-4D77B6B67E4C" value="true"/>
</engineerTo>
<adequatelyNormalized>NO</adequatelyNormalized>
<expectedVolumes>0</expectedVolumes>
<fwdEngineeringStrategyName>Single Table</fwdEngineeringStrategyName>
<growthPercent>0</growthPercent>
<growthType>Year</growthType>
<maxVolumes>9999999</maxVolumes>
<minVolumes>0</minVolumes>
<normalForm>Third</normalForm>
<attributes itemClass="oracle.dbtools.crest.model.design.logical.Attribute">
<Attribute name="uuid" id="0EF2CAFD-E3D4-3A1B-BF8D-5881E52F9B5D">
<createdBy>Bryan</createdBy>
<createdTime>2023-03-03 09:06:02 UTC</createdTime>
<ownerDesignName>unicar</ownerDesignName>
<engineerTo>
<item key="C5168913-2EE6-57E0-C779-4D77B6B67E4C" value="true"/>
</engineerTo>
<use>0</use>
<ownDataTypeParameters>,,</ownDataTypeParameters>
</Attribute>
<Attribute name="email" id="53DB1172-2031-9ADA-9769-A5BB8C0817E8">
<createdBy>Bryan</createdBy>
<createdTime>2023-03-03 09:06:13 UTC</createdTime>
<ownerDesignName>unicar</ownerDesignName>
<engineerTo>
<item key="C5168913-2EE6-57E0-C779-4D77B6B67E4C" value="true"/>
</engineerTo>
<use>0</use>
<ownDataTypeParameters>,,</ownDataTypeParameters>
</Attribute>
<Attribute name="password" id="AF5494B9-A0D9-182E-221F-35BF16DCC068">
<createdBy>Bryan</createdBy>
<createdTime>2023-03-03 09:06:17 UTC</createdTime>
<ownerDesignName>unicar</ownerDesignName>
<engineerTo>
<item key="C5168913-2EE6-57E0-C779-4D77B6B67E4C" value="true"/>
</engineerTo>
<use>0</use>
<ownDataTypeParameters>,,</ownDataTypeParameters>
</Attribute>
<Attribute name="Id" id="1A3B2C0A-2ADC-4981-A0CE-15D8A3769284">
<createdBy>Bryan</createdBy>
<createdTime>2023-03-03 09:07:10 UTC</createdTime>
<generatorID>64ED3E48-E7AE-2182-60F6-BB2308FAC1FE</generatorID>
<ownerDesignName>unicar</ownerDesignName>
<engineerTo>
<item key="C5168913-2EE6-57E0-C779-4D77B6B67E4C" value="true"/>
</engineerTo>
<referedAttribute>04BD4737-3E3D-3733-581A-82BB7C5B9078</referedAttribute>
<useDomainConstraints>false</useDomainConstraints>
<use>1</use>
<ownDataTypeParameters>,,</ownDataTypeParameters>
</Attribute>
</attributes>
<identifiers itemClass="oracle.dbtools.crest.model.design.logical.CandidateKey">
<identifier id="6EC757A4-B644-7C06-7753-20D00DBEEDDF" name="Auth.Users PK">
<createdBy>Bryan</createdBy>
<createdTime>2023-03-03 09:06:44 UTC</createdTime>
<ownerDesignName>unicar</ownerDesignName>
<engineerTo>
<item key="C5168913-2EE6-57E0-C779-4D77B6B67E4C" value="true"/>
</engineerTo>
<pk>true</pk>
<usedAttributes>
<attributeRef>0EF2CAFD-E3D4-3A1B-BF8D-5881E52F9B5D</attributeRef>
</usedAttributes>
</identifier>
</identifiers>
</Entity>