<?xml version = '1.0' encoding = 'UTF-8'?>
<Entity class="oracle.dbtools.crest.model.design.logical.Entity" directorySegmentName="seg_0" id="3E48A8C5-1029-A1BA-36EF-91F8049C3DD7" name="mensaje">
<createdBy>Bryan</createdBy>
<createdTime>2022-11-01 16:41:48 UTC</createdTime>
<ownerDesignName>unicar</ownerDesignName>
<engineerTo>
<item key="C5168913-2EE6-57E0-C779-4D77B6B67E4C" value="true"/>
</engineerTo>
<adequatelyNormalized>NO</adequatelyNormalized>
<expectedVolumes>0</expectedVolumes>
<fwdEngineeringStrategyName>Single Table</fwdEngineeringStrategyName>
<growthPercent>0</growthPercent>
<growthType>Year</growthType>
<maxVolumes>9999999</maxVolumes>
<minVolumes>0</minVolumes>
<normalForm>Third</normalForm>
<attributes itemClass="oracle.dbtools.crest.model.design.logical.Attribute">
<Attribute name="IdMensaje" id="06B3F16B-8643-1954-CF28-36121D3668D4">
<createdBy>Bryan</createdBy>
<createdTime>2022-11-01 17:08:56 UTC</createdTime>
<ownerDesignName>unicar</ownerDesignName>
<engineerTo>
<item key="C5168913-2EE6-57E0-C779-4D77B6B67E4C" value="true"/>
</engineerTo>
<use>0</use>
<ownDataTypeParameters>,,</ownDataTypeParameters>
</Attribute>
<Attribute name="created_at" id="2E770CC8-707B-89F7-27F7-3DEAD4CCF1B4">
<createdBy>Bryan</createdBy>
<createdTime>2022-11-01 17:09:14 UTC</createdTime>
<ownerDesignName>unicar</ownerDesignName>
<engineerTo>
<item key="C5168913-2EE6-57E0-C779-4D77B6B67E4C" value="true"/>
</engineerTo>
<use>0</use>
<ownDataTypeParameters>,,</ownDataTypeParameters>
</Attribute>
<Attribute name="contenido" id="41A7E724-0FB5-B804-AA54-B4A686B117AA">
<createdBy>Bryan</createdBy>
<createdTime>2022-11-01 17:09:31 UTC</createdTime>
<ownerDesignName>unicar</ownerDesignName>
<engineerTo>
<item key="C5168913-2EE6-57E0-C779-4D77B6B67E4C" value="true"/>
</engineerTo>
<use>0</use>
<ownDataTypeParameters>,,</ownDataTypeParameters>
</Attribute>
<Attribute name="idChat" id="935695A2-E8C8-7A42-63AE-2F08B1B0A501">
<createdBy>Bryan</createdBy>
<createdTime>2023-03-10 14:03:12 UTC</createdTime>
<generatorID>0E14AD5E-83E5-008B-1CBA-5CBD7C2A6B33</generatorID>
<ownerDesignName>unicar</ownerDesignName>
<engineerTo>
<item key="C5168913-2EE6-57E0-C779-4D77B6B67E4C" value="true"/>
</engineerTo>
<referedAttribute>E8A0CAEB-26EF-0518-FFA3-385506278EDA</referedAttribute>
<use>0</use>
<ownDataTypeParameters>,,</ownDataTypeParameters>
</Attribute>
<Attribute name="Id" id="8DAA2FF9-7E87-7C09-E36D-ECFF9C50F3A8">
<createdBy>Bryan</createdBy>
<createdTime>2023-03-10 14:03:48 UTC</createdTime>
<generatorID>AFDB8A5D-39AD-DA29-3DCC-2873104CA54F</generatorID>
<ownerDesignName>unicar</ownerDesignName>
<engineerTo>
<item key="C5168913-2EE6-57E0-C779-4D77B6B67E4C" value="true"/>
</engineerTo>
<referedAttribute>04BD4737-3E3D-3733-581A-82BB7C5B9078</referedAttribute>
<useDomainConstraints>false</useDomainConstraints>
<use>1</use>
<ownDataTypeParameters>,,</ownDataTypeParameters>
</Attribute>
<Attribute name="visto" id="06DF72F9-F2EB-FA22-A91F-62458CCEABE8">
<createdBy>Bryan</createdBy>
<createdTime>2023-03-24 16:25:42 UTC</createdTime>
<ownerDesignName>unicar</ownerDesignName>
<engineerTo>
<item key="C5168913-2EE6-57E0-C779-4D77B6B67E4C" value="true"/>
</engineerTo>
<use>0</use>
<ownDataTypeParameters>,,</ownDataTypeParameters>
</Attribute>
</attributes>
<identifiers itemClass="oracle.dbtools.crest.model.design.logical.CandidateKey">
<identifier id="49F31BDB-1E93-3F5D-011B-2894E337D3A3" name="Mensaje PK">
<createdBy>Bryan</createdBy>
<createdTime>2022-11-01 17:09:09 UTC</createdTime>
<ownerDesignName>unicar</ownerDesignName>
<engineerTo>
<item key="C5168913-2EE6-57E0-C779-4D77B6B67E4C" value="true"/>
</engineerTo>
<pk>true</pk>
<usedAttributes>
<attributeRef>06B3F16B-8643-1954-CF28-36121D3668D4</attributeRef>
</usedAttributes>
</identifier>
</identifiers>
</Entity>