<?xml version = '1.0' encoding = 'UTF-8'?>
<Entity class="oracle.dbtools.crest.model.design.logical.Entity" directorySegmentName="seg_0" id="589DD2EA-4258-BB9A-33B4-69A7943D7891" name="usuario">
<createdBy>Bryan</createdBy>
<createdTime>2022-11-01 16:41:15 UTC</createdTime>
<ownerDesignName>unicar</ownerDesignName>
<engineerTo>
<item key="C5168913-2EE6-57E0-C779-4D77B6B67E4C" value="true"/>
</engineerTo>
<adequatelyNormalized>NO</adequatelyNormalized>
<expectedVolumes>0</expectedVolumes>
<fwdEngineeringStrategyName>Single Table</fwdEngineeringStrategyName>
<growthPercent>0</growthPercent>
<growthType>Year</growthType>
<maxVolumes>9999999</maxVolumes>
<minVolumes>0</minVolumes>
<normalForm>Third</normalForm>
<attributes itemClass="oracle.dbtools.crest.model.design.logical.Attribute">
<Attribute name="Id" id="04BD4737-3E3D-3733-581A-82BB7C5B9078">
<createdBy>Bryan</createdBy>
<createdTime>2022-11-01 16:52:50 UTC</createdTime>
<ownerDesignName>unicar</ownerDesignName>
<engineerTo>
<item key="C5168913-2EE6-57E0-C779-4D77B6B67E4C" value="true"/>
</engineerTo>
<useDomainConstraints>false</useDomainConstraints>
<use>1</use>
<ownDataTypeParameters>,,</ownDataTypeParameters>
</Attribute>
<Attribute name="nombre" id="79639866-0F17-2EBE-4671-B35D2F689390">
<createdBy>Bryan</createdBy>
<createdTime>2022-11-01 16:53:28 UTC</createdTime>
<ownerDesignName>unicar</ownerDesignName>
<engineerTo>
<item key="C5168913-2EE6-57E0-C779-4D77B6B67E4C" value="true"/>
</engineerTo>
<use>0</use>
<ownDataTypeParameters>,,</ownDataTypeParameters>
</Attribute>
<Attribute name="descripción_defecto" id="78B2437B-3DD2-6B7E-9741-418713FC45B6">
<createdBy>Bryan</createdBy>
<createdTime>2022-11-01 16:53:36 UTC</createdTime>
<ownerDesignName>unicar</ownerDesignName>
<engineerTo>
<item key="C5168913-2EE6-57E0-C779-4D77B6B67E4C" value="true"/>
</engineerTo>
<nullsAllowed>true</nullsAllowed>
<use>0</use>
<ownDataTypeParameters>,,</ownDataTypeParameters>
</Attribute>
<Attribute name="Hora_defecto" id="1E7146CC-7D76-A5C4-4806-0284D7ECA1E2">
<createdBy>Bryan</createdBy>
<createdTime>2022-11-01 16:53:45 UTC</createdTime>
<ownerDesignName>unicar</ownerDesignName>
<engineerTo>
<item key="C5168913-2EE6-57E0-C779-4D77B6B67E4C" value="true"/>
</engineerTo>
<nullsAllowed>true</nullsAllowed>
<use>0</use>
<ownDataTypeParameters>,,</ownDataTypeParameters>
</Attribute>
<Attribute name="longitud_origen_defecto" id="E9C65721-10DA-D3D2-9F4D-D010C0F418FA">
<createdBy>Bryan</createdBy>
<createdTime>2022-11-01 16:54:20 UTC</createdTime>
<ownerDesignName>unicar</ownerDesignName>
<engineerTo>
<item key="C5168913-2EE6-57E0-C779-4D77B6B67E4C" value="true"/>
</engineerTo>
<nullsAllowed>true</nullsAllowed>
<use>0</use>
<ownDataTypeParameters>,,</ownDataTypeParameters>
</Attribute>
<Attribute name="latitud_origen_defecto" id="5E7920A2-11DD-5DA2-13D6-FC4EC18A7DDA">
<createdBy>Bryan</createdBy>
<createdTime>2022-11-01 16:54:40 UTC</createdTime>
<ownerDesignName>unicar</ownerDesignName>
<engineerTo>
<item key="C5168913-2EE6-57E0-C779-4D77B6B67E4C" value="true"/>
</engineerTo>
<nullsAllowed>true</nullsAllowed>
<use>0</use>
<ownDataTypeParameters>,,</ownDataTypeParameters>
</Attribute>
<Attribute name="radio_origen_defecto" id="53577A1B-0374-CF38-4F73-1609F157476D">
<createdBy>Bryan</createdBy>
<createdTime>2022-11-01 16:54:50 UTC</createdTime>
<ownerDesignName>unicar</ownerDesignName>
<engineerTo>
<item key="C5168913-2EE6-57E0-C779-4D77B6B67E4C" value="true"/>
</engineerTo>
<nullsAllowed>true</nullsAllowed>
<use>0</use>
<ownDataTypeParameters>,,</ownDataTypeParameters>
</Attribute>
<Attribute name="radio_destino_defecto" id="4E202FAD-BCF3-68EA-C9A8-C084086B64C0">
<createdBy>Bryan</createdBy>
<createdTime>2023-03-24 16:22:57 UTC</createdTime>
<ownerDesignName>unicar</ownerDesignName>
<engineerTo>
<item key="C5168913-2EE6-57E0-C779-4D77B6B67E4C" value="true"/>
</engineerTo>
<nullsAllowed>true</nullsAllowed>
<use>0</use>
<ownDataTypeParameters>,,</ownDataTypeParameters>
</Attribute>
<Attribute name="titulo_defecto" id="6EB1558B-2641-4162-7C4D-46556CC27842">
<createdBy>Bryan</createdBy>
<createdTime>2023-03-03 09:02:39 UTC</createdTime>
<ownerDesignName>unicar</ownerDesignName>
<engineerTo>
<item key="C5168913-2EE6-57E0-C779-4D77B6B67E4C" value="true"/>
</engineerTo>
<nullsAllowed>true</nullsAllowed>
<use>0</use>
<ownDataTypeParameters>,,</ownDataTypeParameters>
</Attribute>
<Attribute name="latitud_destino_defecto" id="5DB91A02-5472-F6C8-2E42-BFE56081EC5B">
<createdBy>Bryan</createdBy>
<createdTime>2023-03-03 09:04:15 UTC</createdTime>
<ownerDesignName>unicar</ownerDesignName>
<engineerTo>
<item key="C5168913-2EE6-57E0-C779-4D77B6B67E4C" value="true"/>
</engineerTo>
<nullsAllowed>true</nullsAllowed>
<use>0</use>
<ownDataTypeParameters>,,</ownDataTypeParameters>
</Attribute>
<Attribute name="longitud_destino_defecto" id="D781A314-269C-BCC1-CE61-0AA680C0D292">
<createdBy>Bryan</createdBy>
<createdTime>2023-03-03 09:04:23 UTC</createdTime>
<ownerDesignName>unicar</ownerDesignName>
<engineerTo>
<item key="C5168913-2EE6-57E0-C779-4D77B6B67E4C" value="true"/>
</engineerTo>
<nullsAllowed>true</nullsAllowed>
<use>0</use>
<ownDataTypeParameters>,,</ownDataTypeParameters>
</Attribute>
<Attribute name="origen_defecto" id="D7924EE7-75DC-45FD-A21B-547E69D43118">
<createdBy>Bryan</createdBy>
<createdTime>2023-03-03 09:05:21 UTC</createdTime>
<ownerDesignName>unicar</ownerDesignName>
<engineerTo>
<item key="C5168913-2EE6-57E0-C779-4D77B6B67E4C" value="true"/>
</engineerTo>
<nullsAllowed>true</nullsAllowed>
<use>0</use>
<ownDataTypeParameters>,,</ownDataTypeParameters>
</Attribute>
<Attribute name="destino_defecto" id="0B63AFD2-0D4F-9D79-2289-BC691CF9C258">
<createdBy>Bryan</createdBy>
<createdTime>2023-03-03 09:05:30 UTC</createdTime>
<ownerDesignName>unicar</ownerDesignName>
<engineerTo>
<item key="C5168913-2EE6-57E0-C779-4D77B6B67E4C" value="true"/>
</engineerTo>
<nullsAllowed>true</nullsAllowed>
<use>0</use>
<ownDataTypeParameters>,,</ownDataTypeParameters>
</Attribute>
<Attribute name="uuid" id="41E444BE-299D-C538-26F0-2C210249F5EA">
<createdBy>Bryan</createdBy>
<createdTime>2023-03-03 09:07:28 UTC</createdTime>
<generatorID>64ED3E48-E7AE-2182-60F6-BB2308FAC1FE</generatorID>
<ownerDesignName>unicar</ownerDesignName>
<engineerTo>
<item key="C5168913-2EE6-57E0-C779-4D77B6B67E4C" value="true"/>
</engineerTo>
<referedAttribute>0EF2CAFD-E3D4-3A1B-BF8D-5881E52F9B5D</referedAttribute>
<use>0</use>
<ownDataTypeParameters>,,</ownDataTypeParameters>
</Attribute>
<Attribute name="url_icono" id="F7AD6583-276A-0909-D883-74ED7634514D">
<createdBy>Bryan</createdBy>
<createdTime>2023-03-24 16:26:01 UTC</createdTime>
<ownerDesignName>unicar</ownerDesignName>
<engineerTo>
<item key="C5168913-2EE6-57E0-C779-4D77B6B67E4C" value="true"/>
</engineerTo>
<nullsAllowed>true</nullsAllowed>
<use>0</use>
<ownDataTypeParameters>,,</ownDataTypeParameters>
</Attribute>
</attributes>
<identifiers itemClass="oracle.dbtools.crest.model.design.logical.CandidateKey">
<identifier id="277DED12-7E3B-2850-25DB-AFF8ADBBDD24" name="Usuario PK">
<createdBy>Bryan</createdBy>
<createdTime>2022-11-01 16:53:00 UTC</createdTime>
<ownerDesignName>unicar</ownerDesignName>
<engineerTo>
<item key="C5168913-2EE6-57E0-C779-4D77B6B67E4C" value="true"/>
</engineerTo>
<pk>true</pk>
<usedAttributes>
<attributeRef>04BD4737-3E3D-3733-581A-82BB7C5B9078</attributeRef>
</usedAttributes>
</identifier>
</identifiers>
</Entity>