<?xml version = '1.0' encoding = 'UTF-8'?>
<Entity class="oracle.dbtools.crest.model.design.logical.Entity" directorySegmentName="seg_0" id="ADA796C9-FC9C-4BEE-026B-FCA43FF9A1FC" name="es_pasajero">
<createdBy>Bryan</createdBy>
<createdTime>2022-11-01 17:05:52 UTC</createdTime>
<ownerDesignName>unicar</ownerDesignName>
<engineerTo>
<item key="C5168913-2EE6-57E0-C779-4D77B6B67E4C" value="true"/>
</engineerTo>
<adequatelyNormalized>NO</adequatelyNormalized>
<expectedVolumes>0</expectedVolumes>
<fwdEngineeringStrategyName>Single Table</fwdEngineeringStrategyName>
<growthPercent>0</growthPercent>
<growthType>Year</growthType>
<maxVolumes>9999999</maxVolumes>
<minVolumes>0</minVolumes>
<normalForm>Third</normalForm>
<attributes itemClass="oracle.dbtools.crest.model.design.logical.Attribute">
<Attribute name="IdOferta" id="80AC23AD-3482-C327-462B-92920A59C8E2">
<createdBy>Bryan</createdBy>
<createdTime>2022-11-01 17:06:07 UTC</createdTime>
<generatorID>D3AB6826-F5CF-2E26-EB4F-1679ACCDA84D</generatorID>
<ownerDesignName>unicar</ownerDesignName>
<engineerTo>
<item key="C5168913-2EE6-57E0-C779-4D77B6B67E4C" value="true"/>
</engineerTo>
<referedAttribute>C46D82D1-B093-4B03-D9B8-666C78DAFC46</referedAttribute>
<use>0</use>
<ownDataTypeParameters>,,</ownDataTypeParameters>
</Attribute>
<Attribute name="Id" id="A87E0A68-9A81-053F-F855-59DEBC257C3B">
<createdBy>Bryan</createdBy>
<createdTime>2022-11-01 17:06:17 UTC</createdTime>
<generatorID>DB37A38A-54F8-9185-5EA9-88B0E3BB2433</generatorID>
<ownerDesignName>unicar</ownerDesignName>
<engineerTo>
<item key="C5168913-2EE6-57E0-C779-4D77B6B67E4C" value="true"/>
</engineerTo>
<referedAttribute>04BD4737-3E3D-3733-581A-82BB7C5B9078</referedAttribute>
<useDomainConstraints>false</useDomainConstraints>
<use>1</use>
<ownDataTypeParameters>,,</ownDataTypeParameters>
</Attribute>
<Attribute name="created_at" id="76EF22CE-F4B3-5EA3-1CE6-942EE9A6D645">
<createdBy>Bryan</createdBy>
<createdTime>2023-03-03 08:56:36 UTC</createdTime>
<ownerDesignName>unicar</ownerDesignName>
<engineerTo>
<item key="C5168913-2EE6-57E0-C779-4D77B6B67E4C" value="true"/>
</engineerTo>
<nullsAllowed>true</nullsAllowed>
<use>0</use>
<ownDataTypeParameters>,,</ownDataTypeParameters>
</Attribute>
</attributes>
<identifiers itemClass="oracle.dbtools.crest.model.design.logical.CandidateKey">
<identifier id="95876027-73CB-36A2-DCDA-0275BA687176" name="Solicita PK">
<createdBy>Bryan</createdBy>
<createdTime>2022-11-01 17:06:07 UTC</createdTime>
<ownerDesignName>unicar</ownerDesignName>
<engineerTo>
<item key="C5168913-2EE6-57E0-C779-4D77B6B67E4C" value="true"/>
</engineerTo>
<pk>true</pk>
<usedAttributes>
<attributeRef>80AC23AD-3482-C327-462B-92920A59C8E2</attributeRef>
<attributeRef>A87E0A68-9A81-053F-F855-59DEBC257C3B</attributeRef>
</usedAttributes>
</identifier>
</identifiers>
</Entity>