<?xml version = '1.0' encoding = 'UTF-8'?>
<Entity class="oracle.dbtools.crest.model.design.logical.Entity" directorySegmentName="seg_0" id="BC967F3B-1A15-A337-BE30-42F5A9C33E14" name="chat">
<createdBy>Bryan</createdBy>
<createdTime>2022-11-01 16:41:39 UTC</createdTime>
<ownerDesignName>unicar</ownerDesignName>
<engineerTo>
<item key="C5168913-2EE6-57E0-C779-4D77B6B67E4C" value="true"/>
</engineerTo>
<adequatelyNormalized>NO</adequatelyNormalized>
<expectedVolumes>0</expectedVolumes>
<fwdEngineeringStrategyName>Single Table</fwdEngineeringStrategyName>
<growthPercent>0</growthPercent>
<growthType>Year</growthType>
<maxVolumes>9999999</maxVolumes>
<minVolumes>0</minVolumes>
<normalForm>Third</normalForm>
<attributes itemClass="oracle.dbtools.crest.model.design.logical.Attribute">
<Attribute name="idChat" id="E8A0CAEB-26EF-0518-FFA3-385506278EDA">
<createdBy>Bryan</createdBy>
<createdTime>2022-11-01 17:15:45 UTC</createdTime>
<ownerDesignName>unicar</ownerDesignName>
<engineerTo>
<item key="C5168913-2EE6-57E0-C779-4D77B6B67E4C" value="true"/>
</engineerTo>
<use>0</use>
<ownDataTypeParameters>,,</ownDataTypeParameters>
</Attribute>
<Attribute name="created_at" id="FA9EB09B-6DB0-2238-5E58-6E7A0113B153">
<createdBy>Bryan</createdBy>
<createdTime>2022-11-01 17:07:53 UTC</createdTime>
<ownerDesignName>unicar</ownerDesignName>
<engineerTo>
<item key="C5168913-2EE6-57E0-C779-4D77B6B67E4C" value="true"/>
</engineerTo>
<nullsAllowed>true</nullsAllowed>
<use>0</use>
<ownDataTypeParameters>,,</ownDataTypeParameters>
</Attribute>
<Attribute name="ultimo_mensaje_mandado" id="1C4D2C30-49B8-FAD0-BD19-DF13D7F1F679">
<createdBy>Bryan</createdBy>
<createdTime>2023-03-24 16:24:49 UTC</createdTime>
<ownerDesignName>unicar</ownerDesignName>
<engineerTo>
<item key="C5168913-2EE6-57E0-C779-4D77B6B67E4C" value="true"/>
</engineerTo>
<nullsAllowed>true</nullsAllowed>
<use>0</use>
<ownDataTypeParameters>,,</ownDataTypeParameters>
</Attribute>
</attributes>
<identifiers itemClass="oracle.dbtools.crest.model.design.logical.CandidateKey">
<identifier id="5CD91929-0099-04A5-A298-5953FAF2C3DB" name="Chat PK">
<createdBy>Bryan</createdBy>
<createdTime>2022-11-01 16:53:00 UTC</createdTime>
<ownerDesignName>unicar</ownerDesignName>
<engineerTo>
<item key="C5168913-2EE6-57E0-C779-4D77B6B67E4C" value="true"/>
</engineerTo>
<pk>true</pk>
<usedAttributes>
<attributeRef>E8A0CAEB-26EF-0518-FFA3-385506278EDA</attributeRef>
</usedAttributes>
</identifier>
</identifiers>
</Entity>