<?xml version = '1.0' encoding = 'UTF-8'?>
<Entity class="oracle.dbtools.crest.model.design.logical.Entity" directorySegmentName="seg_0" id="C9ECDC15-DDFF-793F-F098-A91EC9D84E0B" name="viaje">
<createdBy>Bryan</createdBy>
<createdTime>2022-11-01 16:42:10 UTC</createdTime>
<ownerDesignName>unicar</ownerDesignName>
<engineerTo>
<item key="C5168913-2EE6-57E0-C779-4D77B6B67E4C" value="true"/>
</engineerTo>
<adequatelyNormalized>NO</adequatelyNormalized>
<expectedVolumes>0</expectedVolumes>
<fwdEngineeringStrategyName>Single Table</fwdEngineeringStrategyName>
<growthPercent>0</growthPercent>
<growthType>Year</growthType>
<maxVolumes>9999999</maxVolumes>
<minVolumes>0</minVolumes>
<normalForm>Third</normalForm>
<attributes itemClass="oracle.dbtools.crest.model.design.logical.Attribute">
<Attribute name="Id" id="5870D2DD-A065-E8BD-6655-06E1F65E100A">
<createdBy>Bryan</createdBy>
<createdTime>2022-11-01 16:59:55 UTC</createdTime>
<generatorID>9459008C-6C5E-8286-4433-68FDBEC69BDA</generatorID>
<ownerDesignName>unicar</ownerDesignName>
<engineerTo>
<item key="C5168913-2EE6-57E0-C779-4D77B6B67E4C" value="true"/>
</engineerTo>
<referedAttribute>04BD4737-3E3D-3733-581A-82BB7C5B9078</referedAttribute>
<useDomainConstraints>false</useDomainConstraints>
<use>1</use>
<ownDataTypeParameters>,,</ownDataTypeParameters>
</Attribute>
<Attribute name="IdOferta" id="C46D82D1-B093-4B03-D9B8-666C78DAFC46">
<createdBy>Bryan</createdBy>
<createdTime>2022-11-01 17:00:21 UTC</createdTime>
<ownerDesignName>unicar</ownerDesignName>
<engineerTo>
<item key="C5168913-2EE6-57E0-C779-4D77B6B67E4C" value="true"/>
</engineerTo>
<use>0</use>
<ownDataTypeParameters>,,</ownDataTypeParameters>
</Attribute>
<Attribute name="hora" id="30C46F56-A14A-61B8-2A81-4CEDA0FB530B">
<createdBy>Bryan</createdBy>
<createdTime>2022-11-01 17:00:44 UTC</createdTime>
<ownerDesignName>unicar</ownerDesignName>
<engineerTo>
<item key="C5168913-2EE6-57E0-C779-4D77B6B67E4C" value="true"/>
</engineerTo>
<nullsAllowed>true</nullsAllowed>
<use>0</use>
<ownDataTypeParameters>,,</ownDataTypeParameters>
</Attribute>
<Attribute name="Longitud_origen" id="2A3F23D9-1E0C-3B82-2D49-A0C835CE4AED">
<createdBy>Bryan</createdBy>
<createdTime>2022-11-01 17:00:58 UTC</createdTime>
<ownerDesignName>unicar</ownerDesignName>
<engineerTo>
<item key="C5168913-2EE6-57E0-C779-4D77B6B67E4C" value="true"/>
</engineerTo>
<nullsAllowed>true</nullsAllowed>
<use>0</use>
<ownDataTypeParameters>,,</ownDataTypeParameters>
</Attribute>
<Attribute name="latitud_origen" id="2479AD7B-731C-8D65-C861-121680235BFD">
<createdBy>Bryan</createdBy>
<createdTime>2022-11-01 17:01:22 UTC</createdTime>
<ownerDesignName>unicar</ownerDesignName>
<engineerTo>
<item key="C5168913-2EE6-57E0-C779-4D77B6B67E4C" value="true"/>
</engineerTo>
<nullsAllowed>true</nullsAllowed>
<use>0</use>
<ownDataTypeParameters>,,</ownDataTypeParameters>
</Attribute>
<Attribute name="longitud_destino" id="79C950F1-46C8-381E-5EFF-088F2EC7C36C">
<createdBy>Bryan</createdBy>
<createdTime>2022-11-01 17:01:27 UTC</createdTime>
<ownerDesignName>unicar</ownerDesignName>
<engineerTo>
<item key="C5168913-2EE6-57E0-C779-4D77B6B67E4C" value="true"/>
</engineerTo>
<nullsAllowed>true</nullsAllowed>
<use>0</use>
<ownDataTypeParameters>,,</ownDataTypeParameters>
</Attribute>
<Attribute name="latitud_destino" id="F5CD4278-9EA9-5E37-4E19-4F9D5F491021">
<createdBy>Bryan</createdBy>
<createdTime>2022-11-01 17:01:37 UTC</createdTime>
<ownerDesignName>unicar</ownerDesignName>
<engineerTo>
<item key="C5168913-2EE6-57E0-C779-4D77B6B67E4C" value="true"/>
</engineerTo>
<nullsAllowed>true</nullsAllowed>
<use>0</use>
<ownDataTypeParameters>,,</ownDataTypeParameters>
</Attribute>
<Attribute name="radio_origen" id="2FAEBD17-EEA6-92BF-E128-ED2F2F6FBE4E">
<createdBy>Bryan</createdBy>
<createdTime>2022-11-01 17:01:43 UTC</createdTime>
<ownerDesignName>unicar</ownerDesignName>
<engineerTo>
<item key="C5168913-2EE6-57E0-C779-4D77B6B67E4C" value="true"/>
</engineerTo>
<nullsAllowed>true</nullsAllowed>
<use>0</use>
<ownDataTypeParameters>,,</ownDataTypeParameters>
</Attribute>
<Attribute name="radio_destino" id="8FB81BA2-8E14-BFBA-A54E-051E108B130E">
<createdBy>Bryan</createdBy>
<createdTime>2022-11-01 17:01:49 UTC</createdTime>
<ownerDesignName>unicar</ownerDesignName>
<engineerTo>
<item key="C5168913-2EE6-57E0-C779-4D77B6B67E4C" value="true"/>
</engineerTo>
<nullsAllowed>true</nullsAllowed>
<use>0</use>
<ownDataTypeParameters>,,</ownDataTypeParameters>
</Attribute>
<Attribute name="plazas_totales" id="317399E9-DBAA-DA74-B3EB-51BDB40E4644">
<createdBy>Bryan</createdBy>
<createdTime>2022-11-01 17:02:00 UTC</createdTime>
<ownerDesignName>unicar</ownerDesignName>
<engineerTo>
<item key="C5168913-2EE6-57E0-C779-4D77B6B67E4C" value="true"/>
</engineerTo>
<use>0</use>
<ownDataTypeParameters>,,</ownDataTypeParameters>
</Attribute>
<Attribute name="plazas_disponibles" id="71B003EA-DC1D-8CF5-6E4E-13F64CB8F9DA">
<createdBy>Bryan</createdBy>
<createdTime>2023-03-03 08:59:55 UTC</createdTime>
<ownerDesignName>unicar</ownerDesignName>
<engineerTo>
<item key="C5168913-2EE6-57E0-C779-4D77B6B67E4C" value="true"/>
</engineerTo>
<nullsAllowed>true</nullsAllowed>
<use>0</use>
<ownDataTypeParameters>,,</ownDataTypeParameters>
</Attribute>
<Attribute name="origen" id="0BEEB1E0-EF73-14E8-D175-0740D02FF20D">
<createdBy>Bryan</createdBy>
<createdTime>2023-03-03 09:01:43 UTC</createdTime>
<ownerDesignName>unicar</ownerDesignName>
<engineerTo>
<item key="C5168913-2EE6-57E0-C779-4D77B6B67E4C" value="true"/>
</engineerTo>
<nullsAllowed>true</nullsAllowed>
<use>0</use>
<ownDataTypeParameters>,,</ownDataTypeParameters>
</Attribute>
<Attribute name="destino" id="50450D4D-7A35-4B02-8BF6-95CA7EFAC95C">
<createdBy>Bryan</createdBy>
<createdTime>2023-03-03 09:01:47 UTC</createdTime>
<ownerDesignName>unicar</ownerDesignName>
<engineerTo>
<item key="C5168913-2EE6-57E0-C779-4D77B6B67E4C" value="true"/>
</engineerTo>
<nullsAllowed>true</nullsAllowed>
<use>0</use>
<ownDataTypeParameters>,,</ownDataTypeParameters>
</Attribute>
<Attribute name="titulo" id="9B3A5C67-552D-2FDC-46E8-065CA60650A7">
<createdBy>Bryan</createdBy>
<createdTime>2023-03-03 09:01:50 UTC</createdTime>
<ownerDesignName>unicar</ownerDesignName>
<engineerTo>
<item key="C5168913-2EE6-57E0-C779-4D77B6B67E4C" value="true"/>
</engineerTo>
<nullsAllowed>true</nullsAllowed>
<use>0</use>
<ownDataTypeParameters>,,</ownDataTypeParameters>
</Attribute>
<Attribute name="descripcion" id="2767965A-72E6-0097-695F-F1850297490D">
<createdBy>Bryan</createdBy>
<createdTime>2023-03-03 09:01:53 UTC</createdTime>
<ownerDesignName>unicar</ownerDesignName>
<engineerTo>
<item key="C5168913-2EE6-57E0-C779-4D77B6B67E4C" value="true"/>
</engineerTo>
<nullsAllowed>true</nullsAllowed>
<use>0</use>
<ownDataTypeParameters>,,</ownDataTypeParameters>
</Attribute>
<Attribute name="para_estar_a" id="D1946658-FD57-83E6-8979-4018BEE20652">
<createdBy>Bryan</createdBy>
<createdTime>2023-03-24 16:27:38 UTC</createdTime>
<ownerDesignName>unicar</ownerDesignName>
<engineerTo>
<item key="C5168913-2EE6-57E0-C779-4D77B6B67E4C" value="true"/>
</engineerTo>
<nullsAllowed>true</nullsAllowed>
<use>0</use>
<ownDataTypeParameters>,,</ownDataTypeParameters>
</Attribute>
<Attribute name="es_periodico" id="8EC2C0D1-BA83-00FF-C5D7-5AB5E22EC24A">
<createdBy>Bryan</createdBy>
<createdTime>2023-03-24 16:27:46 UTC</createdTime>
<ownerDesignName>unicar</ownerDesignName>
<engineerTo>
<item key="C5168913-2EE6-57E0-C779-4D77B6B67E4C" value="true"/>
</engineerTo>
<nullsAllowed>true</nullsAllowed>
<use>0</use>
<ownDataTypeParameters>,,</ownDataTypeParameters>
</Attribute>
</attributes>
<identifiers itemClass="oracle.dbtools.crest.model.design.logical.CandidateKey">
<identifier id="282423C9-EC42-EFB4-ACEF-E20CBAAC0123" name="oferta PK">
<createdBy>Bryan</createdBy>
<createdTime>2022-11-01 16:53:00 UTC</createdTime>
<ownerDesignName>unicar</ownerDesignName>
<engineerTo>
<item key="C5168913-2EE6-57E0-C779-4D77B6B67E4C" value="true"/>
</engineerTo>
<pk>true</pk>
<usedAttributes>
<attributeRef>C46D82D1-B093-4B03-D9B8-666C78DAFC46</attributeRef>
</usedAttributes>
</identifier>
</identifiers>
</Entity>