<?xml version = '1.0' encoding = 'UTF-8'?>
<Entity class="oracle.dbtools.crest.model.design.logical.Entity" directorySegmentName="seg_0" id="D4849BC5-4281-54C7-BFD7-311ACB3E57A4" name="participantes_chat">
<createdBy>Bryan</createdBy>
<createdTime>2023-03-10 10:33:54 UTC</createdTime>
<ownerDesignName>unicar</ownerDesignName>
<engineerTo>
<item key="C5168913-2EE6-57E0-C779-4D77B6B67E4C" value="true"/>
</engineerTo>
<adequatelyNormalized>NO</adequatelyNormalized>
<expectedVolumes>0</expectedVolumes>
<fwdEngineeringStrategyName>Single Table</fwdEngineeringStrategyName>
<growthPercent>0</growthPercent>
<growthType>Year</growthType>
<maxVolumes>9999999</maxVolumes>
<minVolumes>0</minVolumes>
<normalForm>Third</normalForm>
<attributes itemClass="oracle.dbtools.crest.model.design.logical.Attribute">
<Attribute name="Id" id="E9428FAB-8F2C-CC21-623E-13A64FAC98EC">
<createdBy>Bryan</createdBy>
<createdTime>2023-03-10 10:35:12 UTC</createdTime>
<generatorID>F30F08B9-789A-EB7C-B617-5EEDBE2B982C</generatorID>
<ownerDesignName>unicar</ownerDesignName>
<engineerTo>
<item key="C5168913-2EE6-57E0-C779-4D77B6B67E4C" value="true"/>
</engineerTo>
<referedAttribute>04BD4737-3E3D-3733-581A-82BB7C5B9078</referedAttribute>
<useDomainConstraints>false</useDomainConstraints>
<use>1</use>
<ownDataTypeParameters>,,</ownDataTypeParameters>
</Attribute>
<Attribute name="idChat" id="CF815917-DC37-A181-8540-B2147AD10DB1">
<createdBy>Bryan</createdBy>
<createdTime>2023-03-10 10:35:46 UTC</createdTime>
<generatorID>D9C4438A-0185-8C34-47BB-96A06F1D28A0</generatorID>
<ownerDesignName>unicar</ownerDesignName>
<engineerTo>
<item key="C5168913-2EE6-57E0-C779-4D77B6B67E4C" value="true"/>
</engineerTo>
<referedAttribute>E8A0CAEB-26EF-0518-FFA3-385506278EDA</referedAttribute>
<use>0</use>
<ownDataTypeParameters>,,</ownDataTypeParameters>
</Attribute>
<Attribute name="created_at" id="B8F3F333-C2BE-833E-9081-896244096924">
<createdBy>Bryan</createdBy>
<createdTime>2023-03-10 11:56:07 UTC</createdTime>
<ownerDesignName>unicar</ownerDesignName>
<engineerTo>
<item key="C5168913-2EE6-57E0-C779-4D77B6B67E4C" value="true"/>
</engineerTo>
<nullsAllowed>true</nullsAllowed>
<use>0</use>
<ownDataTypeParameters>,,</ownDataTypeParameters>
</Attribute>
</attributes>
<identifiers itemClass="oracle.dbtools.crest.model.design.logical.CandidateKey">
<identifier id="10BF0237-F056-3319-58EC-D8A4E98F138E" name="participantes_chat PK">
<createdBy>Bryan</createdBy>
<createdTime>2023-03-10 10:35:12 UTC</createdTime>
<ownerDesignName>unicar</ownerDesignName>
<engineerTo>
<item key="C5168913-2EE6-57E0-C779-4D77B6B67E4C" value="true"/>
</engineerTo>
<pk>true</pk>
<usedAttributes>
<attributeRef>E9428FAB-8F2C-CC21-623E-13A64FAC98EC</attributeRef>
<attributeRef>CF815917-DC37-A181-8540-B2147AD10DB1</attributeRef>
</usedAttributes>
</identifier>
</identifiers>
</Entity>