<?xml version = '1.0' encoding = 'UTF-8'?>
<Table class="oracle.dbtools.crest.model.design.relational.Table" directorySegmentName="seg_0" id="0E7E7649-269D-C114-6B4E-3BC9CE2F85E8" name="Chat">
<createdBy>Bryan</createdBy>
<createdTime>2022-11-01 17:16:30 UTC</createdTime>
<generatorID>BC967F3B-1A15-A337-BE30-42F5A9C33E14</generatorID>
<ownerDesignName>unicar</ownerDesignName>
<allowColumnReorder>false</allowColumnReorder>
<existDependencyGenerateInDDl>true</existDependencyGenerateInDDl>
<parsed>true</parsed>
<columns itemClass="oracle.dbtools.crest.model.design.relational.Column">
<Column name="Usuario_Id1" id="850D5E4A-530F-5828-73B3-FB22D6E60904">
<createdBy>Bryan</createdBy>
<createdTime>2022-11-01 17:16:30 UTC</createdTime>
<generatorID>338F3613-6B66-C174-95D5-5BEBBDBDDDA0</generatorID>
<ownerDesignName>unicar</ownerDesignName>
<useDomainConstraints>false</useDomainConstraints>
<use>1</use>
<ownDataTypeParameters>,,</ownDataTypeParameters>
<previousColumn>false</previousColumn>
<autoIncrementCycle>false</autoIncrementCycle>
<associations>
<colAssociation fkAssociation="64A2D278-F81A-A5CD-089B-E35FBBE3404F" referredColumn="458899C1-3F7F-7DF9-1DE2-0251EECF8C38"/>
</associations>
</Column>
<Column name="Usuario_Id" id="B6AED134-4F51-856F-95E6-0F1C56698AFC">
<createdBy>Bryan</createdBy>
<createdTime>2022-11-01 17:16:30 UTC</createdTime>
<generatorID>F9A489AC-6D01-3CC1-ACCE-6AA842DB297D</generatorID>
<ownerDesignName>unicar</ownerDesignName>
<useDomainConstraints>false</useDomainConstraints>
<use>1</use>
<ownDataTypeParameters>,,</ownDataTypeParameters>
<previousColumn>false</previousColumn>
<autoIncrementCycle>false</autoIncrementCycle>
<associations>
<colAssociation fkAssociation="BE399C26-C121-8490-C174-15178A8C9956" referredColumn="458899C1-3F7F-7DF9-1DE2-0251EECF8C38"/>
</associations>
</Column>
<Column name="idChat" id="079544E2-1678-FE7E-81FB-1E8F51428C6F">
<createdBy>Bryan</createdBy>
<createdTime>2022-11-01 17:16:30 UTC</createdTime>
<generatorID>E8A0CAEB-26EF-0518-FFA3-385506278EDA</generatorID>
<ownerDesignName>unicar</ownerDesignName>
<use>0</use>
<ownDataTypeParameters>,,</ownDataTypeParameters>
<autoIncrementCycle>false</autoIncrementCycle>
</Column>
<Column name="Hora_creacion" id="F9CC7511-333F-099D-9DE1-82705703A5C4">
<createdBy>Bryan</createdBy>
<createdTime>2022-11-01 17:16:30 UTC</createdTime>
<generatorID>FA9EB09B-6DB0-2238-5E58-6E7A0113B153</generatorID>
<ownerDesignName>unicar</ownerDesignName>
<nullsAllowed>true</nullsAllowed>
<use>0</use>
<ownDataTypeParameters>,,</ownDataTypeParameters>
<autoIncrementCycle>false</autoIncrementCycle>
</Column>
</columns>
<indexes itemClass="oracle.dbtools.crest.model.design.relational.Index">
<ind_PK_UK id="E169D73C-848C-8CAE-B39B-9D507AA5CB95" name="Chat_PK">
<createdBy>Bryan</createdBy>
<createdTime>2022-11-01 17:16:30 UTC</createdTime>
<generatorID>5CD91929-0099-04A5-A298-5953FAF2C3DB</generatorID>
<ownerDesignName>unicar</ownerDesignName>
<pk>true</pk>
<indexState>Primary Constraint</indexState>
<isSurrogateKey>false</isSurrogateKey>
<indexColumnUsage>
<colUsage columnID="850D5E4A-530F-5828-73B3-FB22D6E60904"/>
<colUsage columnID="B6AED134-4F51-856F-95E6-0F1C56698AFC"/>
<colUsage columnID="079544E2-1678-FE7E-81FB-1E8F51428C6F"/>
</indexColumnUsage>
</ind_PK_UK>
<ind_PK_UK id="AAB90671-AE2C-E519-3E70-B99B9C2C51E6" name="Chat_Usuario_FK">
<createdBy>Bryan</createdBy>
<createdTime>2022-11-01 17:16:30 UTC</createdTime>
<generatorID>CDEB6FC3-2823-1E32-4184-B38C7B01BFFC</generatorID>
<ownerDesignName>unicar</ownerDesignName>
<indexState>Foreign Key</indexState>
<isSurrogateKey>false</isSurrogateKey>
<indexColumnUsage>
<colUsage columnID="B6AED134-4F51-856F-95E6-0F1C56698AFC"/>
</indexColumnUsage>
</ind_PK_UK>
<ind_PK_UK id="D5C26134-771C-4B3E-8F51-9BD5043F111D" name="Chat_Usuario_FKv2">
<createdBy>Bryan</createdBy>
<createdTime>2022-11-01 17:16:30 UTC</createdTime>
<generatorID>74D1A61D-E690-0F71-1F04-DCCE6C7B7C9E</generatorID>
<ownerDesignName>unicar</ownerDesignName>
<indexState>Foreign Key</indexState>
<isSurrogateKey>false</isSurrogateKey>
<indexColumnUsage>
<colUsage columnID="850D5E4A-530F-5828-73B3-FB22D6E60904"/>
</indexColumnUsage>
</ind_PK_UK>
</indexes>
</Table>