<?xml version = '1.0' encoding = 'UTF-8'?>
<Table class="oracle.dbtools.crest.model.design.relational.Table" directorySegmentName="seg_0" id="614B5204-B0C5-EA16-FC54-F8ECF87F6C59" name="Mensaje">
<createdBy>Bryan</createdBy>
<createdTime>2022-11-01 17:16:30 UTC</createdTime>
<generatorID>3E48A8C5-1029-A1BA-36EF-91F8049C3DD7</generatorID>
<ownerDesignName>unicar</ownerDesignName>
<allowColumnReorder>false</allowColumnReorder>
<existDependencyGenerateInDDl>true</existDependencyGenerateInDDl>
<parsed>true</parsed>
<columns itemClass="oracle.dbtools.crest.model.design.relational.Column">
<Column name="IdMensaje" id="56C00B45-DFC5-3D73-3784-A042F791A513">
<createdBy>Bryan</createdBy>
<createdTime>2022-11-01 17:16:30 UTC</createdTime>
<generatorID>06B3F16B-8643-1954-CF28-36121D3668D4</generatorID>
<ownerDesignName>unicar</ownerDesignName>
<use>0</use>
<ownDataTypeParameters>,,</ownDataTypeParameters>
<autoIncrementCycle>false</autoIncrementCycle>
</Column>
<Column name="hora_enviado" id="EEA4432B-A736-0BB4-04D6-0E914187C812">
<createdBy>Bryan</createdBy>
<createdTime>2022-11-01 17:16:30 UTC</createdTime>
<generatorID>2E770CC8-707B-89F7-27F7-3DEAD4CCF1B4</generatorID>
<ownerDesignName>unicar</ownerDesignName>
<use>0</use>
<ownDataTypeParameters>,,</ownDataTypeParameters>
<autoIncrementCycle>false</autoIncrementCycle>
</Column>
<Column name="contenido" id="0C09AADA-FA8F-8BB0-2168-E83A1F2121C5">
<createdBy>Bryan</createdBy>
<createdTime>2022-11-01 17:16:30 UTC</createdTime>
<generatorID>41A7E724-0FB5-B804-AA54-B4A686B117AA</generatorID>
<ownerDesignName>unicar</ownerDesignName>
<use>0</use>
<ownDataTypeParameters>,,</ownDataTypeParameters>
<autoIncrementCycle>false</autoIncrementCycle>
</Column>
<Column name="usuario_creador" id="2E50F33D-B28C-6F68-CF1D-9FB882CEE2FC">
<createdBy>Bryan</createdBy>
<createdTime>2022-11-01 17:16:30 UTC</createdTime>
<generatorID>7FC27ED7-833B-5216-7943-500D0A35A89B</generatorID>
<ownerDesignName>unicar</ownerDesignName>
<use>0</use>
<ownDataTypeParameters>,,</ownDataTypeParameters>
<autoIncrementCycle>false</autoIncrementCycle>
</Column>
<Column name="Chat_Id" id="2A2BA296-D546-C822-04C1-B43A5C7B77BE">
<createdBy>Bryan</createdBy>
<createdTime>2022-11-01 17:16:30 UTC</createdTime>
<generatorID>8864D142-507D-EDCD-DCE9-1FA77D8D2D5B</generatorID>
<ownerDesignName>unicar</ownerDesignName>
<useDomainConstraints>false</useDomainConstraints>
<use>1</use>
<ownDataTypeParameters>,,</ownDataTypeParameters>
<previousColumn>false</previousColumn>
<autoIncrementCycle>false</autoIncrementCycle>
<associations>
<colAssociation fkAssociation="FBAF4F40-CA48-60CB-1D30-FD8D37689212" referredColumn="850D5E4A-530F-5828-73B3-FB22D6E60904"/>
</associations>
</Column>
<Column name="Chat_Id1" id="E47712B1-A225-C81F-6B6F-2DA2DDCEEA20">
<createdBy>Bryan</createdBy>
<createdTime>2022-11-01 17:16:30 UTC</createdTime>
<generatorID>870E6E6E-F167-86B6-7933-82E15FC7F2E7</generatorID>
<ownerDesignName>unicar</ownerDesignName>
<useDomainConstraints>false</useDomainConstraints>
<use>1</use>
<ownDataTypeParameters>,,</ownDataTypeParameters>
<previousColumn>false</previousColumn>
<autoIncrementCycle>false</autoIncrementCycle>
<associations>
<colAssociation fkAssociation="FBAF4F40-CA48-60CB-1D30-FD8D37689212" referredColumn="B6AED134-4F51-856F-95E6-0F1C56698AFC"/>
</associations>
</Column>
<Column name="Chat_idChat" id="2D529A67-13FB-94AE-9AF7-30B906DAFA5B">
<createdBy>Bryan</createdBy>
<createdTime>2022-11-01 17:16:30 UTC</createdTime>
<generatorID>77036CD4-F4CD-FAEF-0E5F-6CC7254DFC64</generatorID>
<ownerDesignName>unicar</ownerDesignName>
<use>0</use>
<ownDataTypeParameters>,,</ownDataTypeParameters>
<previousColumn>false</previousColumn>
<autoIncrementCycle>false</autoIncrementCycle>
<associations>
<colAssociation fkAssociation="FBAF4F40-CA48-60CB-1D30-FD8D37689212" referredColumn="079544E2-1678-FE7E-81FB-1E8F51428C6F"/>
</associations>
</Column>
</columns>
<indexes itemClass="oracle.dbtools.crest.model.design.relational.Index">
<ind_PK_UK id="3B6F37D0-6666-64D8-C0A0-2B8112FAA512" name="Mensaje_PK">
<createdBy>Bryan</createdBy>
<createdTime>2022-11-01 17:16:30 UTC</createdTime>
<generatorID>49F31BDB-1E93-3F5D-011B-2894E337D3A3</generatorID>
<ownerDesignName>unicar</ownerDesignName>
<pk>true</pk>
<indexState>Primary Constraint</indexState>
<isSurrogateKey>false</isSurrogateKey>
<indexColumnUsage>
<colUsage columnID="2A2BA296-D546-C822-04C1-B43A5C7B77BE"/>
<colUsage columnID="E47712B1-A225-C81F-6B6F-2DA2DDCEEA20"/>
<colUsage columnID="2D529A67-13FB-94AE-9AF7-30B906DAFA5B"/>
<colUsage columnID="56C00B45-DFC5-3D73-3784-A042F791A513"/>
</indexColumnUsage>
</ind_PK_UK>
<ind_PK_UK id="9E23F483-61C6-7C1A-456A-7C5C5D791920" name="Mensaje_Chat_FK">
<createdBy>Bryan</createdBy>
<createdTime>2022-11-01 17:16:30 UTC</createdTime>
<generatorID>30098086-5D01-7CBE-725B-001F470D0301</generatorID>
<ownerDesignName>unicar</ownerDesignName>
<indexState>Foreign Key</indexState>
<isSurrogateKey>false</isSurrogateKey>
<indexColumnUsage>
<colUsage columnID="2A2BA296-D546-C822-04C1-B43A5C7B77BE"/>
<colUsage columnID="E47712B1-A225-C81F-6B6F-2DA2DDCEEA20"/>
<colUsage columnID="2D529A67-13FB-94AE-9AF7-30B906DAFA5B"/>
</indexColumnUsage>
</ind_PK_UK>
</indexes>
</Table>