<?xml version = '1.0' encoding = 'UTF-8'?>
<Table class="oracle.dbtools.crest.model.design.relational.Table" directorySegmentName="seg_0" id="7B1A3371-3774-76B2-9262-E3E91C425716" name="oferta">
<createdBy>Bryan</createdBy>
<createdTime>2022-11-01 17:16:30 UTC</createdTime>
<generatorID>C9ECDC15-DDFF-793F-F098-A91EC9D84E0B</generatorID>
<ownerDesignName>unicar</ownerDesignName>
<allowColumnReorder>false</allowColumnReorder>
<existDependencyGenerateInDDl>true</existDependencyGenerateInDDl>
<parsed>true</parsed>
<columns itemClass="oracle.dbtools.crest.model.design.relational.Column">
<Column name="Usuario_Id" id="FE1E37EB-30E8-502B-5A1C-820219F895B1">
<createdBy>Bryan</createdBy>
<createdTime>2022-11-01 17:16:30 UTC</createdTime>
<generatorID>5870D2DD-A065-E8BD-6655-06E1F65E100A</generatorID>
<ownerDesignName>unicar</ownerDesignName>
<useDomainConstraints>false</useDomainConstraints>
<use>1</use>
<ownDataTypeParameters>,,</ownDataTypeParameters>
<previousColumn>false</previousColumn>
<autoIncrementCycle>false</autoIncrementCycle>
<associations>
<colAssociation fkAssociation="B0FB3FA1-64D9-39BA-645E-8102E9EADE90" referredColumn="458899C1-3F7F-7DF9-1DE2-0251EECF8C38"/>
</associations>
</Column>
<Column name="IdOferta" id="E1E4D206-C6B0-245B-80C0-D92B21A1BB38">
<createdBy>Bryan</createdBy>
<createdTime>2022-11-01 17:16:30 UTC</createdTime>
<generatorID>C46D82D1-B093-4B03-D9B8-666C78DAFC46</generatorID>
<ownerDesignName>unicar</ownerDesignName>
<use>0</use>
<ownDataTypeParameters>,,</ownDataTypeParameters>
<autoIncrementCycle>false</autoIncrementCycle>
</Column>
<Column name="hora_llegada" id="6930AC5E-9B88-E7F2-9BC8-B15E35AFE151">
<createdBy>Bryan</createdBy>
<createdTime>2022-11-01 17:16:30 UTC</createdTime>
<generatorID>30C46F56-A14A-61B8-2A81-4CEDA0FB530B</generatorID>
<ownerDesignName>unicar</ownerDesignName>
<nullsAllowed>true</nullsAllowed>
<use>0</use>
<ownDataTypeParameters>,,</ownDataTypeParameters>
<autoIncrementCycle>false</autoIncrementCycle>
</Column>
<Column name="hora_salida" id="6791625B-E4E4-E89A-9FA1-F00C5401ED68">
<createdBy>Bryan</createdBy>
<createdTime>2022-11-01 17:16:30 UTC</createdTime>
<generatorID>8A8F8CA4-6333-09E7-A1C5-FBF05ADF896C</generatorID>
<ownerDesignName>unicar</ownerDesignName>
<nullsAllowed>true</nullsAllowed>
<use>0</use>
<ownDataTypeParameters>,,</ownDataTypeParameters>
<autoIncrementCycle>false</autoIncrementCycle>
</Column>
<Column name="Longitud_salida" id="E38C569C-1C82-CE04-7086-A54921275389">
<createdBy>Bryan</createdBy>
<createdTime>2022-11-01 17:16:30 UTC</createdTime>
<generatorID>2A3F23D9-1E0C-3B82-2D49-A0C835CE4AED</generatorID>
<ownerDesignName>unicar</ownerDesignName>
<nullsAllowed>true</nullsAllowed>
<use>0</use>
<ownDataTypeParameters>,,</ownDataTypeParameters>
<autoIncrementCycle>false</autoIncrementCycle>
</Column>
<Column name="latitud_salida" id="9BBCB94C-936C-7EEE-9000-AF06EF12D4CC">
<createdBy>Bryan</createdBy>
<createdTime>2022-11-01 17:16:30 UTC</createdTime>
<generatorID>2479AD7B-731C-8D65-C861-121680235BFD</generatorID>
<ownerDesignName>unicar</ownerDesignName>
<nullsAllowed>true</nullsAllowed>
<use>0</use>
<ownDataTypeParameters>,,</ownDataTypeParameters>
<autoIncrementCycle>false</autoIncrementCycle>
</Column>
<Column name="longitud_llegada" id="0FEB1FA4-97F7-8607-6232-590D88BB302A">
<createdBy>Bryan</createdBy>
<createdTime>2022-11-01 17:16:30 UTC</createdTime>
<generatorID>79C950F1-46C8-381E-5EFF-088F2EC7C36C</generatorID>
<ownerDesignName>unicar</ownerDesignName>
<nullsAllowed>true</nullsAllowed>
<use>0</use>
<ownDataTypeParameters>,,</ownDataTypeParameters>
<autoIncrementCycle>false</autoIncrementCycle>
</Column>
<Column name="latitud_llegada" id="A0BD020F-B9D6-B751-BE72-BD7CBC9352CC">
<createdBy>Bryan</createdBy>
<createdTime>2022-11-01 17:16:30 UTC</createdTime>
<generatorID>F5CD4278-9EA9-5E37-4E19-4F9D5F491021</generatorID>
<ownerDesignName>unicar</ownerDesignName>
<nullsAllowed>true</nullsAllowed>
<use>0</use>
<ownDataTypeParameters>,,</ownDataTypeParameters>
<autoIncrementCycle>false</autoIncrementCycle>
</Column>
<Column name="zoom_salida" id="B8CDA21F-7FB2-5867-FE6A-9E2A9F19B559">
<createdBy>Bryan</createdBy>
<createdTime>2022-11-01 17:16:30 UTC</createdTime>
<generatorID>2FAEBD17-EEA6-92BF-E128-ED2F2F6FBE4E</generatorID>
<ownerDesignName>unicar</ownerDesignName>
<nullsAllowed>true</nullsAllowed>
<use>0</use>
<ownDataTypeParameters>,,</ownDataTypeParameters>
<autoIncrementCycle>false</autoIncrementCycle>
</Column>
<Column name="zoom_llegada" id="733B3D96-7898-587A-9758-F981E7F183CE">
<createdBy>Bryan</createdBy>
<createdTime>2022-11-01 17:16:30 UTC</createdTime>
<generatorID>8FB81BA2-8E14-BFBA-A54E-051E108B130E</generatorID>
<ownerDesignName>unicar</ownerDesignName>
<nullsAllowed>true</nullsAllowed>
<use>0</use>
<ownDataTypeParameters>,,</ownDataTypeParameters>
<autoIncrementCycle>false</autoIncrementCycle>
</Column>
<Column name="plazas" id="27AF88F0-F907-22D6-1BF1-6803165B0C2E">
<createdBy>Bryan</createdBy>
<createdTime>2022-11-01 17:16:30 UTC</createdTime>
<generatorID>317399E9-DBAA-DA74-B3EB-51BDB40E4644</generatorID>
<ownerDesignName>unicar</ownerDesignName>
<nullsAllowed>true</nullsAllowed>
<use>0</use>
<ownDataTypeParameters>,,</ownDataTypeParameters>
<autoIncrementCycle>false</autoIncrementCycle>
</Column>
</columns>
<indexes itemClass="oracle.dbtools.crest.model.design.relational.Index">
<ind_PK_UK id="13ADEFD3-E9F0-B159-9ADB-4DF7B5D06028" name="oferta_PK">
<createdBy>Bryan</createdBy>
<createdTime>2022-11-01 17:16:30 UTC</createdTime>
<generatorID>282423C9-EC42-EFB4-ACEF-E20CBAAC0123</generatorID>
<ownerDesignName>unicar</ownerDesignName>
<pk>true</pk>
<indexState>Primary Constraint</indexState>
<isSurrogateKey>false</isSurrogateKey>
<indexColumnUsage>
<colUsage columnID="E1E4D206-C6B0-245B-80C0-D92B21A1BB38"/>
</indexColumnUsage>
</ind_PK_UK>
<ind_PK_UK id="EE042F9E-6A14-01AD-A229-093633C9F859" name="oferta_Usuario_FK">
<createdBy>Bryan</createdBy>
<createdTime>2022-11-01 17:16:30 UTC</createdTime>
<generatorID>9459008C-6C5E-8286-4433-68FDBEC69BDA</generatorID>
<ownerDesignName>unicar</ownerDesignName>
<indexState>Foreign Key</indexState>
<isSurrogateKey>false</isSurrogateKey>
<indexColumnUsage>
<colUsage columnID="FE1E37EB-30E8-502B-5A1C-820219F895B1"/>
</indexColumnUsage>
</ind_PK_UK>
</indexes>
</Table>