<?xml version = '1.0' encoding = 'UTF-8'?>
<Table class="oracle.dbtools.crest.model.design.relational.Table" directorySegmentName="seg_0" id="8304404B-74F0-4F73-0ECF-9D991DFB5710" name="Usuario">
<createdBy>Bryan</createdBy>
<createdTime>2022-11-01 17:16:30 UTC</createdTime>
<generatorID>589DD2EA-4258-BB9A-33B4-69A7943D7891</generatorID>
<ownerDesignName>unicar</ownerDesignName>
<allowColumnReorder>false</allowColumnReorder>
<existDependencyGenerateInDDl>true</existDependencyGenerateInDDl>
<parsed>true</parsed>
<columns itemClass="oracle.dbtools.crest.model.design.relational.Column">
<Column name="Id" id="458899C1-3F7F-7DF9-1DE2-0251EECF8C38">
<createdBy>Bryan</createdBy>
<createdTime>2022-11-01 17:16:30 UTC</createdTime>
<generatorID>04BD4737-3E3D-3733-581A-82BB7C5B9078</generatorID>
<ownerDesignName>unicar</ownerDesignName>
<useDomainConstraints>false</useDomainConstraints>
<use>1</use>
<ownDataTypeParameters>,,</ownDataTypeParameters>
<autoIncrementCycle>false</autoIncrementCycle>
</Column>
<Column name="correo" id="FE0ABF1F-6942-96D6-75F3-8EFD8F9C8F07">
<createdBy>Bryan</createdBy>
<createdTime>2022-11-01 17:16:30 UTC</createdTime>
<generatorID>D7447C7C-AEB6-4352-3D9B-06F288863DD9</generatorID>
<ownerDesignName>unicar</ownerDesignName>
<use>0</use>
<ownDataTypeParameters>,,</ownDataTypeParameters>
<autoIncrementCycle>false</autoIncrementCycle>
</Column>
<Column name="nombre" id="388A5BEF-CEDD-17F0-40F4-F7ED19D2CC29">
<createdBy>Bryan</createdBy>
<createdTime>2022-11-01 17:16:30 UTC</createdTime>
<generatorID>79639866-0F17-2EBE-4671-B35D2F689390</generatorID>
<ownerDesignName>unicar</ownerDesignName>
<nullsAllowed>true</nullsAllowed>
<use>0</use>
<ownDataTypeParameters>,,</ownDataTypeParameters>
<autoIncrementCycle>false</autoIncrementCycle>
</Column>
<Column name="descripción" id="43ABB135-D2C8-74B5-D4D6-5378C379F6AD">
<createdBy>Bryan</createdBy>
<createdTime>2022-11-01 17:16:30 UTC</createdTime>
<generatorID>78B2437B-3DD2-6B7E-9741-418713FC45B6</generatorID>
<ownerDesignName>unicar</ownerDesignName>
<nullsAllowed>true</nullsAllowed>
<use>0</use>
<ownDataTypeParameters>,,</ownDataTypeParameters>
<autoIncrementCycle>false</autoIncrementCycle>
</Column>
<Column name="Hora_preferida" id="ECE8E7A1-BD2A-3421-E9A8-2C2BB6A1D85F">
<createdBy>Bryan</createdBy>
<createdTime>2022-11-01 17:16:30 UTC</createdTime>
<generatorID>1E7146CC-7D76-A5C4-4806-0284D7ECA1E2</generatorID>
<ownerDesignName>unicar</ownerDesignName>
<nullsAllowed>true</nullsAllowed>
<use>0</use>
<ownDataTypeParameters>,,</ownDataTypeParameters>
<autoIncrementCycle>false</autoIncrementCycle>
</Column>
<Column name="longitud_preferida" id="4F4BC09A-39A0-2DE7-B731-4D96F32424B7">
<createdBy>Bryan</createdBy>
<createdTime>2022-11-01 17:16:30 UTC</createdTime>
<generatorID>E9C65721-10DA-D3D2-9F4D-D010C0F418FA</generatorID>
<ownerDesignName>unicar</ownerDesignName>
<nullsAllowed>true</nullsAllowed>
<use>0</use>
<ownDataTypeParameters>,,</ownDataTypeParameters>
<autoIncrementCycle>false</autoIncrementCycle>
</Column>
<Column name="latitud_preferida" id="A95D91AD-1F1A-F3F8-7C8E-4ECEEB2B8879">
<createdBy>Bryan</createdBy>
<createdTime>2022-11-01 17:16:30 UTC</createdTime>
<generatorID>5E7920A2-11DD-5DA2-13D6-FC4EC18A7DDA</generatorID>
<ownerDesignName>unicar</ownerDesignName>
<nullsAllowed>true</nullsAllowed>
<use>0</use>
<ownDataTypeParameters>,,</ownDataTypeParameters>
<autoIncrementCycle>false</autoIncrementCycle>
</Column>
<Column name="Zoom_preferido" id="DF6881DA-FBF6-D97B-4084-5DDEAD9C3D62">
<createdBy>Bryan</createdBy>
<createdTime>2022-11-01 17:16:30 UTC</createdTime>
<generatorID>53577A1B-0374-CF38-4F73-1609F157476D</generatorID>
<ownerDesignName>unicar</ownerDesignName>
<nullsAllowed>true</nullsAllowed>
<use>0</use>
<ownDataTypeParameters>,,</ownDataTypeParameters>
<autoIncrementCycle>false</autoIncrementCycle>
</Column>
</columns>
<indexes itemClass="oracle.dbtools.crest.model.design.relational.Index">
<ind_PK_UK id="7BB6E762-8A1C-5D10-9766-BB6EB3C15841" name="Usuario_PK">
<createdBy>Bryan</createdBy>
<createdTime>2022-11-01 17:16:30 UTC</createdTime>
<generatorID>277DED12-7E3B-2850-25DB-AFF8ADBBDD24</generatorID>
<ownerDesignName>unicar</ownerDesignName>
<pk>true</pk>
<indexState>Primary Constraint</indexState>
<isSurrogateKey>false</isSurrogateKey>
<indexColumnUsage>
<colUsage columnID="458899C1-3F7F-7DF9-1DE2-0251EECF8C38"/>
</indexColumnUsage>
</ind_PK_UK>
</indexes>
</Table>