<?xml version = '1.0' encoding = 'UTF-8'?>
<Table class="oracle.dbtools.crest.model.design.relational.Table" directorySegmentName="seg_0" id="A0502FD6-E7F8-973B-A289-CAA4663F34C2" name="Solicita">
<createdBy>Bryan</createdBy>
<createdTime>2022-11-01 17:16:30 UTC</createdTime>
<generatorID>ADA796C9-FC9C-4BEE-026B-FCA43FF9A1FC</generatorID>
<ownerDesignName>unicar</ownerDesignName>
<allowColumnReorder>false</allowColumnReorder>
<existDependencyGenerateInDDl>true</existDependencyGenerateInDDl>
<parsed>true</parsed>
<columns itemClass="oracle.dbtools.crest.model.design.relational.Column">
<Column name="oferta_IdOferta" id="465D8F2F-50D9-C7AF-C0AE-10788BEA7FBA">
<createdBy>Bryan</createdBy>
<createdTime>2022-11-01 17:16:30 UTC</createdTime>
<generatorID>80AC23AD-3482-C327-462B-92920A59C8E2</generatorID>
<ownerDesignName>unicar</ownerDesignName>
<use>0</use>
<ownDataTypeParameters>,,</ownDataTypeParameters>
<previousColumn>false</previousColumn>
<autoIncrementCycle>false</autoIncrementCycle>
<associations>
<colAssociation fkAssociation="FA5C10C8-1CB2-832C-C1BD-B364CE8622BA" referredColumn="E1E4D206-C6B0-245B-80C0-D92B21A1BB38"/>
</associations>
</Column>
<Column name="Usuario_Id" id="7A8AEE02-05DD-AB4C-E4B9-371F1072EFA6">
<createdBy>Bryan</createdBy>
<createdTime>2022-11-01 17:16:30 UTC</createdTime>
<generatorID>A87E0A68-9A81-053F-F855-59DEBC257C3B</generatorID>
<ownerDesignName>unicar</ownerDesignName>
<useDomainConstraints>false</useDomainConstraints>
<use>1</use>
<ownDataTypeParameters>,,</ownDataTypeParameters>
<previousColumn>false</previousColumn>
<autoIncrementCycle>false</autoIncrementCycle>
<associations>
<colAssociation fkAssociation="F3FEEDCC-1618-49E8-AB86-3D0E830F0A0D" referredColumn="458899C1-3F7F-7DF9-1DE2-0251EECF8C38"/>
</associations>
</Column>
</columns>
<indexes itemClass="oracle.dbtools.crest.model.design.relational.Index">
<ind_PK_UK id="F430332C-D89D-FC43-1CC9-C9597890B84F" name="Solicita_PK">
<createdBy>Bryan</createdBy>
<createdTime>2022-11-01 17:16:30 UTC</createdTime>
<generatorID>95876027-73CB-36A2-DCDA-0275BA687176</generatorID>
<ownerDesignName>unicar</ownerDesignName>
<pk>true</pk>
<indexState>Primary Constraint</indexState>
<isSurrogateKey>false</isSurrogateKey>
<indexColumnUsage>
<colUsage columnID="465D8F2F-50D9-C7AF-C0AE-10788BEA7FBA"/>
<colUsage columnID="7A8AEE02-05DD-AB4C-E4B9-371F1072EFA6"/>
</indexColumnUsage>
</ind_PK_UK>
<ind_PK_UK id="D9E5200F-67BA-2019-8817-48CC2A7EE576" name="Solicita_oferta_FK">
<createdBy>Bryan</createdBy>
<createdTime>2022-11-01 17:16:30 UTC</createdTime>
<generatorID>D3AB6826-F5CF-2E26-EB4F-1679ACCDA84D</generatorID>
<ownerDesignName>unicar</ownerDesignName>
<indexState>Foreign Key</indexState>
<isSurrogateKey>false</isSurrogateKey>
<indexColumnUsage>
<colUsage columnID="465D8F2F-50D9-C7AF-C0AE-10788BEA7FBA"/>
</indexColumnUsage>
</ind_PK_UK>
<ind_PK_UK id="27BFCA11-0AA2-BCA2-B792-E3EC16763AB7" name="Solicita_Usuario_FK">
<createdBy>Bryan</createdBy>
<createdTime>2022-11-01 17:16:30 UTC</createdTime>
<generatorID>DB37A38A-54F8-9185-5EA9-88B0E3BB2433</generatorID>
<ownerDesignName>unicar</ownerDesignName>
<indexState>Foreign Key</indexState>
<isSurrogateKey>false</isSurrogateKey>
<indexColumnUsage>
<colUsage columnID="7A8AEE02-05DD-AB4C-E4B9-371F1072EFA6"/>
</indexColumnUsage>
</ind_PK_UK>
</indexes>
</Table>