<?xml version = '1.0' encoding = 'UTF-8'?>
<Diagram class="oracle.dbtools.crest.swingui.relational.DPVRelational" name="Relational_1" id="34B8DDE1-AB1E-99A0-4010-C3232F03665C">
<createdBy>Bryan</createdBy>
<modifiedBy>Bryan</modifiedBy>
<createdTime>2022-11-01 17:13:39 UTC</createdTime>
<autoRoute>false</autoRoute>
<boxInbox>true</boxInbox>
<showLegend>false</showLegend>
<showLabels>false</showLabels>
<showRelAttributes>false</showRelAttributes>
<gridEnabled>false</gridEnabled>
<showGrid>false</showGrid>
<diagramColor>-1</diagramColor>
<display>false</display>
<notation>1</notation>
<objectViews>
<OView class="oracle.dbtools.crest.swingui.relational.TVTable" oid="0E7E7649-269D-C114-6B4E-3BC9CE2F85E8" otype="Table" vid="9C12A031-AFA7-D959-06A8-EFE532878A95">
<hideElementsInCurrentOnly>false</hideElementsInCurrentOnly>
<bounds x="560" y="53" width="249" height="141"/>
</OView>
<OView class="oracle.dbtools.crest.swingui.relational.TVTable" oid="614B5204-B0C5-EA16-FC54-F8ECF87F6C59" otype="Table" vid="21444335-AA68-31C9-43B4-4EC09D632EEF">
<hideElementsInCurrentOnly>false</hideElementsInCurrentOnly>
<bounds x="936" y="90" width="305" height="172"/>
</OView>
<OView class="oracle.dbtools.crest.swingui.relational.TVTable" oid="7B1A3371-3774-76B2-9262-E3E91C425716" otype="Table" vid="186E79C6-9B41-9C53-1AF4-5CE535E894FF">
<hideElementsInCurrentOnly>false</hideElementsInCurrentOnly>
<bounds x="244" y="277" width="191" height="231"/>
</OView>
<OView class="oracle.dbtools.crest.swingui.relational.TVTable" oid="8304404B-74F0-4F73-0ECF-9D991DFB5710" otype="Table" vid="7852453A-3D79-FC04-5678-2FC2610E27E1">
<hideElementsInCurrentOnly>false</hideElementsInCurrentOnly>
<bounds x="630" y="283" width="201" height="160"/>
</OView>
<OView class="oracle.dbtools.crest.swingui.relational.TVTable" oid="A0502FD6-E7F8-973B-A289-CAA4663F34C2" otype="Table" vid="DC5C6E49-974D-B6B7-1279-9A51F835B73A">
<hideElementsInCurrentOnly>false</hideElementsInCurrentOnly>
<bounds x="423" y="563" width="278" height="116"/>
</OView>
</objectViews>
<connectors>
<Connector class="oracle.dbtools.crest.swingui.relational.TVFKRelation" oid="64A2D278-F81A-A5CD-089B-E35FBBE3404F" otype="FKIndexAssociation" vid_source="7852453A-3D79-FC04-5678-2FC2610E27E1" vid_target="9C12A031-AFA7-D959-06A8-EFE532878A95">
<hideElementsInCurrentOnly>false</hideElementsInCurrentOnly>
<backgroundColor>-16777216</backgroundColor>
<lineWidth>1</lineWidth>
<points>
<point x="704" y="283"/>
<point x="704" y="194"/>
</points>
</Connector>
<Connector class="oracle.dbtools.crest.swingui.relational.TVFKRelation" oid="B0FB3FA1-64D9-39BA-645E-8102E9EADE90" otype="FKIndexAssociation" vid_source="7852453A-3D79-FC04-5678-2FC2610E27E1" vid_target="186E79C6-9B41-9C53-1AF4-5CE535E894FF">
<hideElementsInCurrentOnly>false</hideElementsInCurrentOnly>
<backgroundColor>-16777216</backgroundColor>
<lineWidth>1</lineWidth>
<points>
<point x="630" y="363"/>
<point x="435" y="363"/>
</points>
</Connector>
<Connector class="oracle.dbtools.crest.swingui.relational.TVFKRelation" oid="BE399C26-C121-8490-C174-15178A8C9956" otype="FKIndexAssociation" vid_source="7852453A-3D79-FC04-5678-2FC2610E27E1" vid_target="9C12A031-AFA7-D959-06A8-EFE532878A95">
<hideElementsInCurrentOnly>false</hideElementsInCurrentOnly>
<backgroundColor>-16777216</backgroundColor>
<lineWidth>1</lineWidth>
<points>
<point x="749" y="283"/>
<point x="749" y="194"/>
</points>
</Connector>
<Connector class="oracle.dbtools.crest.swingui.relational.TVFKRelation" oid="F3FEEDCC-1618-49E8-AB86-3D0E830F0A0D" otype="FKIndexAssociation" vid_source="7852453A-3D79-FC04-5678-2FC2610E27E1" vid_target="DC5C6E49-974D-B6B7-1279-9A51F835B73A">
<hideElementsInCurrentOnly>false</hideElementsInCurrentOnly>
<backgroundColor>-16777216</backgroundColor>
<lineWidth>1</lineWidth>
<points>
<point x="680" y="443"/>
<point x="680" y="563"/>
</points>
</Connector>
<Connector class="oracle.dbtools.crest.swingui.relational.TVFKRelation" oid="FA5C10C8-1CB2-832C-C1BD-B364CE8622BA" otype="FKIndexAssociation" vid_source="186E79C6-9B41-9C53-1AF4-5CE535E894FF" vid_target="DC5C6E49-974D-B6B7-1279-9A51F835B73A">
<hideElementsInCurrentOnly>false</hideElementsInCurrentOnly>
<backgroundColor>-16777216</backgroundColor>
<lineWidth>1</lineWidth>
<points>
<point x="429" y="508"/>
<point x="429" y="563"/>
</points>
</Connector>
<Connector class="oracle.dbtools.crest.swingui.relational.TVFKRelation" oid="FBAF4F40-CA48-60CB-1D30-FD8D37689212" otype="FKIndexAssociation" vid_source="9C12A031-AFA7-D959-06A8-EFE532878A95" vid_target="21444335-AA68-31C9-43B4-4EC09D632EEF">
<hideElementsInCurrentOnly>false</hideElementsInCurrentOnly>
<backgroundColor>-16777216</backgroundColor>
<lineWidth>1</lineWidth>
<points>
<point x="809" y="157"/>
<point x="936" y="157"/>
</points>
</Connector>
</connectors>
</Diagram>