<?xml version = '1.0' encoding = 'UTF-8'?>
<Relation class="oracle.dbtools.crest.model.design.logical.Relation" name="Relation_15" directorySegmentName="seg_0" id="0E14AD5E-83E5-008B-1CBA-5CBD7C2A6B33">
<createdBy>Bryan</createdBy>
<createdTime>2023-03-10 14:03:12 UTC</createdTime>
<ownerDesignName>unicar</ownerDesignName>
<engineerTo>
<item key="C5168913-2EE6-57E0-C779-4D77B6B67E4C" value="true"/>
</engineerTo>
<sourcePk>5CD91929-0099-04A5-A298-5953FAF2C3DB</sourcePk>
<identifying>false</identifying>
<optionalSource>true</optionalSource>
<optionalTarget>false</optionalTarget>
<sourceCardinality>1</sourceCardinality>
<sourceEntity>BC967F3B-1A15-A337-BE30-42F5A9C33E14</sourceEntity>
<targetCardinalityString>*</targetCardinalityString>
<targetEntity>3E48A8C5-1029-A1BA-36EF-91F8049C3DD7</targetEntity>
<transferable>true</transferable>
<deleteRule>NO ACTION</deleteRule>
</Relation>