<?xml version = '1.0' encoding = 'UTF-8'?>
<Relation class="oracle.dbtools.crest.model.design.logical.Relation" name="Relation_10" directorySegmentName="seg_0" id="64ED3E48-E7AE-2182-60F6-BB2308FAC1FE">
<createdBy>Bryan</createdBy>
<createdTime>2023-03-03 09:07:10 UTC</createdTime>
<ownerDesignName>unicar</ownerDesignName>
<engineerTo>
<item key="C5168913-2EE6-57E0-C779-4D77B6B67E4C" value="true"/>
</engineerTo>
<sourcePk>277DED12-7E3B-2850-25DB-AFF8ADBBDD24</sourcePk>
<targetPk>6EC757A4-B644-7C06-7753-20D00DBEEDDF</targetPk>
<identifying>false</identifying>
<optionalSource>false</optionalSource>
<optionalTarget>false</optionalTarget>
<sourceCardinality>1</sourceCardinality>
<sourceEntity>589DD2EA-4258-BB9A-33B4-69A7943D7891</sourceEntity>
<targetCardinalityString>1</targetCardinalityString>
<targetEntity>35F649AA-5A38-9331-B7F9-3756968A7C69</targetEntity>
<transferable>true</transferable>
<deleteRule>NO ACTION</deleteRule>
</Relation>