<?xml version = '1.0' encoding = 'UTF-8'?>
<Relation class="oracle.dbtools.crest.model.design.logical.Relation" name="usuario_oferta" directorySegmentName="seg_0" id="9459008C-6C5E-8286-4433-68FDBEC69BDA">
<createdBy>Bryan</createdBy>
<createdTime>2022-11-01 16:59:55 UTC</createdTime>
<ownerDesignName>unicar</ownerDesignName>
<engineerTo>
<item key="C5168913-2EE6-57E0-C779-4D77B6B67E4C" value="true"/>
</engineerTo>
<sourcePk>277DED12-7E3B-2850-25DB-AFF8ADBBDD24</sourcePk>
<identifying>false</identifying>
<nameOnSource>es creador</nameOnSource>
<optionalSource>true</optionalSource>
<optionalTarget>false</optionalTarget>
<sourceCardinality>1</sourceCardinality>
<sourceEntity>589DD2EA-4258-BB9A-33B4-69A7943D7891</sourceEntity>
<targetCardinalityString>*</targetCardinalityString>
<targetEntity>C9ECDC15-DDFF-793F-F098-A91EC9D84E0B</targetEntity>
<transferable>true</transferable>
<deleteRule>NO ACTION</deleteRule>
</Relation>