<?xml version = '1.0' encoding = 'UTF-8'?>
<Relation class="oracle.dbtools.crest.model.design.logical.Relation" name="Relation_16" directorySegmentName="seg_0" id="AFDB8A5D-39AD-DA29-3DCC-2873104CA54F">
<createdBy>Bryan</createdBy>
<createdTime>2023-03-10 14:03:48 UTC</createdTime>
<ownerDesignName>unicar</ownerDesignName>
<engineerTo>
<item key="C5168913-2EE6-57E0-C779-4D77B6B67E4C" value="true"/>
</engineerTo>
<sourcePk>277DED12-7E3B-2850-25DB-AFF8ADBBDD24</sourcePk>
<identifying>false</identifying>
<optionalSource>true</optionalSource>
<optionalTarget>false</optionalTarget>
<sourceCardinality>1</sourceCardinality>
<sourceEntity>589DD2EA-4258-BB9A-33B4-69A7943D7891</sourceEntity>
<targetCardinalityString>*</targetCardinalityString>
<targetEntity>3E48A8C5-1029-A1BA-36EF-91F8049C3DD7</targetEntity>
<transferable>true</transferable>
<deleteRule>NO ACTION</deleteRule>
</Relation>