<?xml version = '1.0' encoding = 'UTF-8'?>
<Relation class="oracle.dbtools.crest.model.design.logical.Relation" name="Relation_8" directorySegmentName="seg_0" id="D3AB6826-F5CF-2E26-EB4F-1679ACCDA84D">
<createdBy>Bryan</createdBy>
<createdTime>2022-11-01 17:06:07 UTC</createdTime>
<ownerDesignName>unicar</ownerDesignName>
<engineerTo>
<item key="C5168913-2EE6-57E0-C779-4D77B6B67E4C" value="true"/>
</engineerTo>
<sourcePk>282423C9-EC42-EFB4-ACEF-E20CBAAC0123</sourcePk>
<identifying>true</identifying>
<optionalSource>true</optionalSource>
<optionalTarget>false</optionalTarget>
<sourceCardinality>1</sourceCardinality>
<sourceEntity>C9ECDC15-DDFF-793F-F098-A91EC9D84E0B</sourceEntity>
<targetCardinalityString>*</targetCardinalityString>
<targetEntity>ADA796C9-FC9C-4BEE-026B-FCA43FF9A1FC</targetEntity>
<transferable>true</transferable>
<deleteRule>NO ACTION</deleteRule>
</Relation>