<?xml version = '1.0' encoding = 'UTF-8'?>
<Relation class="oracle.dbtools.crest.model.design.logical.Relation" name="chat_es_participado" directorySegmentName="seg_0" id="D9C4438A-0185-8C34-47BB-96A06F1D28A0">
<createdBy>Bryan</createdBy>
<createdTime>2023-03-10 10:35:46 UTC</createdTime>
<ownerDesignName>unicar</ownerDesignName>
<engineerTo>
<item key="C5168913-2EE6-57E0-C779-4D77B6B67E4C" value="true"/>
</engineerTo>
<sourcePk>5CD91929-0099-04A5-A298-5953FAF2C3DB</sourcePk>
<identifying>true</identifying>
<optionalSource>true</optionalSource>
<optionalTarget>false</optionalTarget>
<sourceCardinality>1</sourceCardinality>
<sourceEntity>BC967F3B-1A15-A337-BE30-42F5A9C33E14</sourceEntity>
<targetCardinalityString>*</targetCardinalityString>
<targetEntity>D4849BC5-4281-54C7-BFD7-311ACB3E57A4</targetEntity>
<transferable>true</transferable>
<deleteRule>NO ACTION</deleteRule>
</Relation>