<?xml version = '1.0' encoding = 'UTF-8'?>
<Relation class="oracle.dbtools.crest.model.design.logical.Relation" name="Relation_9" directorySegmentName="seg_0" id="DB37A38A-54F8-9185-5EA9-88B0E3BB2433">
<createdBy>Bryan</createdBy>
<createdTime>2022-11-01 17:06:17 UTC</createdTime>
<ownerDesignName>unicar</ownerDesignName>
<engineerTo>
<item key="C5168913-2EE6-57E0-C779-4D77B6B67E4C" value="true"/>
</engineerTo>
<sourcePk>277DED12-7E3B-2850-25DB-AFF8ADBBDD24</sourcePk>
<identifying>true</identifying>
<optionalSource>true</optionalSource>
<optionalTarget>false</optionalTarget>
<sourceCardinality>1</sourceCardinality>
<sourceEntity>589DD2EA-4258-BB9A-33B4-69A7943D7891</sourceEntity>
<targetCardinalityString>*</targetCardinalityString>
<targetEntity>ADA796C9-FC9C-4BEE-026B-FCA43FF9A1FC</targetEntity>
<transferable>true</transferable>
<deleteRule>NO ACTION</deleteRule>
</Relation>