<?xml version = '1.0' encoding = 'UTF-8'?>
<Relation class="oracle.dbtools.crest.model.design.logical.Relation" name="usuario_participa_chat" directorySegmentName="seg_0" id="F30F08B9-789A-EB7C-B617-5EEDBE2B982C">
<createdBy>Bryan</createdBy>
<createdTime>2023-03-10 10:35:12 UTC</createdTime>
<ownerDesignName>unicar</ownerDesignName>
<engineerTo>
<item key="C5168913-2EE6-57E0-C779-4D77B6B67E4C" value="true"/>
</engineerTo>
<sourcePk>277DED12-7E3B-2850-25DB-AFF8ADBBDD24</sourcePk>
<identifying>true</identifying>
<optionalSource>true</optionalSource>
<optionalTarget>false</optionalTarget>
<sourceCardinality>1</sourceCardinality>
<sourceEntity>589DD2EA-4258-BB9A-33B4-69A7943D7891</sourceEntity>
<targetCardinalityString>*</targetCardinalityString>
<targetEntity>D4849BC5-4281-54C7-BFD7-311ACB3E57A4</targetEntity>
<transferable>true</transferable>
<deleteRule>NO ACTION</deleteRule>
</Relation>