<?xml version = '1.0' encoding = 'UTF-8'?>
<FKIndexAssociation class="oracle.dbtools.crest.model.design.relational.FKIndexAssociation" directorySegmentName="seg_0" id="64A2D278-F81A-A5CD-089B-E35FBBE3404F" containerWithKeyObject="0E7E7649-269D-C114-6B4E-3BC9CE2F85E8" localFKIndex="D5C26134-771C-4B3E-8F51-9BD5043F111D" name="Chat_Usuario_FKv2">
<createdBy>Bryan</createdBy>
<createdTime>2022-11-01 17:16:30 UTC</createdTime>
<generatorID>74D1A61D-E690-0F71-1F04-DCCE6C7B7C9E</generatorID>
<ownerDesignName>unicar</ownerDesignName>
<referredTableLongName>Usuario</referredTableLongName>
<deleteRule>NO ACTION</deleteRule>
<referredTableID>8304404B-74F0-4F73-0ECF-9D991DFB5710</referredTableID>
<keyObject>7BB6E762-8A1C-5D10-9766-BB6EB3C15841</keyObject>
<referredKeyID>7BB6E762-8A1C-5D10-9766-BB6EB3C15841</referredKeyID>
<mandatory>true</mandatory>
<refColNames>Id</refColNames>
<transferable>true</transferable>
<rely>false</rely>
<columnDependencyConstraintGenerateInDDL>true</columnDependencyConstraintGenerateInDDL>
</FKIndexAssociation>