<?xml version = '1.0' encoding = 'UTF-8'?>
<FKIndexAssociation class="oracle.dbtools.crest.model.design.relational.FKIndexAssociation" directorySegmentName="seg_0" id="B0FB3FA1-64D9-39BA-645E-8102E9EADE90" containerWithKeyObject="7B1A3371-3774-76B2-9262-E3E91C425716" localFKIndex="EE042F9E-6A14-01AD-A229-093633C9F859" name="oferta_Usuario_FK">
<createdBy>Bryan</createdBy>
<createdTime>2022-11-01 17:16:30 UTC</createdTime>
<generatorID>9459008C-6C5E-8286-4433-68FDBEC69BDA</generatorID>
<ownerDesignName>unicar</ownerDesignName>
<referredTableLongName>Usuario</referredTableLongName>
<deleteRule>NO ACTION</deleteRule>
<referredTableID>8304404B-74F0-4F73-0ECF-9D991DFB5710</referredTableID>
<keyObject>7BB6E762-8A1C-5D10-9766-BB6EB3C15841</keyObject>
<referredKeyID>7BB6E762-8A1C-5D10-9766-BB6EB3C15841</referredKeyID>
<mandatory>true</mandatory>
<refColNames>Id</refColNames>
<transferable>true</transferable>
<rely>false</rely>
<columnDependencyConstraintGenerateInDDL>true</columnDependencyConstraintGenerateInDDL>
</FKIndexAssociation>