<?xml version = '1.0' encoding = 'UTF-8'?>
<FKIndexAssociation class="oracle.dbtools.crest.model.design.relational.FKIndexAssociation" directorySegmentName="seg_0" id="BE399C26-C121-8490-C174-15178A8C9956" containerWithKeyObject="0E7E7649-269D-C114-6B4E-3BC9CE2F85E8" localFKIndex="AAB90671-AE2C-E519-3E70-B99B9C2C51E6" name="Chat_Usuario_FK">
<createdBy>Bryan</createdBy>
<createdTime>2022-11-01 17:16:30 UTC</createdTime>
<generatorID>CDEB6FC3-2823-1E32-4184-B38C7B01BFFC</generatorID>
<ownerDesignName>unicar</ownerDesignName>
<referredTableLongName>Usuario</referredTableLongName>
<deleteRule>NO ACTION</deleteRule>
<referredTableID>8304404B-74F0-4F73-0ECF-9D991DFB5710</referredTableID>
<keyObject>7BB6E762-8A1C-5D10-9766-BB6EB3C15841</keyObject>
<referredKeyID>7BB6E762-8A1C-5D10-9766-BB6EB3C15841</referredKeyID>
<mandatory>true</mandatory>
<refColNames>Id</refColNames>
<transferable>true</transferable>
<rely>false</rely>
<columnDependencyConstraintGenerateInDDL>true</columnDependencyConstraintGenerateInDDL>
</FKIndexAssociation>