<?xml version = '1.0' encoding = 'UTF-8'?>
<FKIndexAssociation class="oracle.dbtools.crest.model.design.relational.FKIndexAssociation" directorySegmentName="seg_0" id="F3FEEDCC-1618-49E8-AB86-3D0E830F0A0D" containerWithKeyObject="A0502FD6-E7F8-973B-A289-CAA4663F34C2" localFKIndex="27BFCA11-0AA2-BCA2-B792-E3EC16763AB7" name="Solicita_Usuario_FK">
<createdBy>Bryan</createdBy>
<createdTime>2022-11-01 17:16:30 UTC</createdTime>
<generatorID>DB37A38A-54F8-9185-5EA9-88B0E3BB2433</generatorID>
<ownerDesignName>unicar</ownerDesignName>
<referredTableLongName>Usuario</referredTableLongName>
<deleteRule>NO ACTION</deleteRule>
<referredTableID>8304404B-74F0-4F73-0ECF-9D991DFB5710</referredTableID>
<keyObject>7BB6E762-8A1C-5D10-9766-BB6EB3C15841</keyObject>
<referredKeyID>7BB6E762-8A1C-5D10-9766-BB6EB3C15841</referredKeyID>
<mandatory>true</mandatory>
<refColNames>Id</refColNames>
<transferable>true</transferable>
<rely>false</rely>
<columnDependencyConstraintGenerateInDDL>true</columnDependencyConstraintGenerateInDDL>
</FKIndexAssociation>