<?xml version = '1.0' encoding = 'UTF-8'?>
<FKIndexAssociation class="oracle.dbtools.crest.model.design.relational.FKIndexAssociation" directorySegmentName="seg_0" id="FA5C10C8-1CB2-832C-C1BD-B364CE8622BA" containerWithKeyObject="A0502FD6-E7F8-973B-A289-CAA4663F34C2" localFKIndex="D9E5200F-67BA-2019-8817-48CC2A7EE576" name="Solicita_oferta_FK">
<createdBy>Bryan</createdBy>
<createdTime>2022-11-01 17:16:30 UTC</createdTime>
<generatorID>D3AB6826-F5CF-2E26-EB4F-1679ACCDA84D</generatorID>
<ownerDesignName>unicar</ownerDesignName>
<referredTableLongName>oferta</referredTableLongName>
<deleteRule>NO ACTION</deleteRule>
<referredTableID>7B1A3371-3774-76B2-9262-E3E91C425716</referredTableID>
<keyObject>13ADEFD3-E9F0-B159-9ADB-4DF7B5D06028</keyObject>
<referredKeyID>13ADEFD3-E9F0-B159-9ADB-4DF7B5D06028</referredKeyID>
<mandatory>true</mandatory>
<refColNames>IdOferta</refColNames>
<transferable>true</transferable>
<rely>false</rely>
<columnDependencyConstraintGenerateInDDL>true</columnDependencyConstraintGenerateInDDL>
</FKIndexAssociation>