<?xml version = '1.0' encoding = 'UTF-8'?>
<FKIndexAssociation class="oracle.dbtools.crest.model.design.relational.FKIndexAssociation" directorySegmentName="seg_0" id="FBAF4F40-CA48-60CB-1D30-FD8D37689212" containerWithKeyObject="614B5204-B0C5-EA16-FC54-F8ECF87F6C59" localFKIndex="9E23F483-61C6-7C1A-456A-7C5C5D791920" name="Mensaje_Chat_FK">
<createdBy>Bryan</createdBy>
<createdTime>2022-11-01 17:16:30 UTC</createdTime>
<generatorID>30098086-5D01-7CBE-725B-001F470D0301</generatorID>
<ownerDesignName>unicar</ownerDesignName>
<referredTableLongName>Chat</referredTableLongName>
<deleteRule>NO ACTION</deleteRule>
<referredTableID>0E7E7649-269D-C114-6B4E-3BC9CE2F85E8</referredTableID>
<keyObject>E169D73C-848C-8CAE-B39B-9D507AA5CB95</keyObject>
<referredKeyID>E169D73C-848C-8CAE-B39B-9D507AA5CB95</referredKeyID>
<mandatory>true</mandatory>
<refColNames>Usuario_Id1,Usuario_Id,idChat</refColNames>
<transferable>true</transferable>
<rely>false</rely>
<columnDependencyConstraintGenerateInDDL>true</columnDependencyConstraintGenerateInDDL>
</FKIndexAssociation>