<?xml version = '1.0' encoding = 'UTF-8'?>
<Diagram class="oracle.dbtools.crest.swingui.logical.DPVLogical" name="Logical" id="D2CF3301-5F54-52FE-F890-589F5E429588">
<createdBy>Bryan</createdBy>
<modifiedBy>Bryan</modifiedBy>
<createdTime>2022-11-01 16:41:15 UTC</createdTime>
<autoRoute>false</autoRoute>
<boxInbox>true</boxInbox>
<showLegend>false</showLegend>
<showLabels>true</showLabels>
<showRelAttributes>false</showRelAttributes>
<gridEnabled>false</gridEnabled>
<showGrid>false</showGrid>
<diagramColor>-1</diagramColor>
<display>false</display>
<notation>1</notation>
<objectViews>
<OView class="oracle.dbtools.crest.swingui.logical.TVEntity" oid="35F649AA-5A38-9331-B7F9-3756968A7C69" otype="Entity" vid="67AE8FAB-5562-3C92-8574-D09430309F53">
<hideElementsInCurrentOnly>false</hideElementsInCurrentOnly>
<bounds x="947" y="430" width="170" height="110"/>
</OView>
<OView class="oracle.dbtools.crest.swingui.logical.TVEntity" oid="3E48A8C5-1029-A1BA-36EF-91F8049C3DD7" otype="Entity" vid="400C50FD-EE44-E9D6-55BD-DD5CD7DA0F74">
<hideElementsInCurrentOnly>false</hideElementsInCurrentOnly>
<bounds x="580" y="224" width="170" height="110"/>
</OView>
<OView class="oracle.dbtools.crest.swingui.logical.TVEntity" oid="589DD2EA-4258-BB9A-33B4-69A7943D7891" otype="Entity" vid="9D125221-44B2-0409-15AA-3BAEFF2A5F78">
<hideElementsInCurrentOnly>false</hideElementsInCurrentOnly>
<bounds x="393" y="390" width="171" height="233"/>
</OView>
<OView class="oracle.dbtools.crest.swingui.TVNote" oid="605CA52A-BCD9-433D-AF1D-51FE1040F279" otype="Note" vid="9F03CA23-1C58-2D68-4779-47AB803825DD">
<hideElementsInCurrentOnly>false</hideElementsInCurrentOnly>
<bounds x="617" y="508" width="297" height="127"/>
<comment>Supabase se encarga de hacer el Auth de los usuarios. Al usar el auth usa un esquema privado Auth.users donde se guardan datos como el correo y la contraseña. Este esquema no se puede modificar y la solución recomendada si se quieren añadir atributos es crear una tabla en el esquema publico cuya clave primaria sea una clave foranea a esta tabla privada. Esta tabla tiene más atributos pero se han representado los que se usan.</comment>
</OView>
<OView class="oracle.dbtools.crest.swingui.logical.TVEntity" oid="ADA796C9-FC9C-4BEE-026B-FCA43FF9A1FC" otype="Entity" vid="310DDD9E-0415-04DB-317B-9AB9AC704456">
<hideElementsInCurrentOnly>false</hideElementsInCurrentOnly>
<bounds x="191" y="668" width="280" height="110"/>
</OView>
<OView class="oracle.dbtools.crest.swingui.logical.TVEntity" oid="BC967F3B-1A15-A337-BE30-42F5A9C33E14" otype="Entity" vid="8F63CF1D-7708-FDC1-A588-120CC5C7F20F">
<hideElementsInCurrentOnly>false</hideElementsInCurrentOnly>
<bounds x="428" y="41" width="170" height="110"/>
</OView>
<OView class="oracle.dbtools.crest.swingui.logical.TVEntity" oid="C9ECDC15-DDFF-793F-F098-A91EC9D84E0B" otype="Entity" vid="200D80AD-A2FA-B80F-8166-F32B6A8DAB1B">
<hideElementsInCurrentOnly>false</hideElementsInCurrentOnly>
<bounds x="81" y="293" width="168" height="275"/>
</OView>
<OView class="oracle.dbtools.crest.swingui.logical.TVEntity" oid="D4849BC5-4281-54C7-BFD7-311ACB3E57A4" otype="Entity" vid="B60822D0-44F3-5FFF-721A-60A3AAB04FC6">
<hideElementsInCurrentOnly>false</hideElementsInCurrentOnly>
<bounds x="383" y="234" width="136" height="66"/>
</OView>
</objectViews>
<connectors>
<Connector class="oracle.dbtools.crest.swingui.logical.TVRelation" oid="0E14AD5E-83E5-008B-1CBA-5CBD7C2A6B33" otype="Relation" vid_source="8F63CF1D-7708-FDC1-A588-120CC5C7F20F" vid_target="400C50FD-EE44-E9D6-55BD-DD5CD7DA0F74">
<hideElementsInCurrentOnly>false</hideElementsInCurrentOnly>
<backgroundColor>-16777216</backgroundColor>
<lineWidth>1</lineWidth>
<points>
<point x="589" y="151"/>
<point x="589" y="224"/>
</points>
</Connector>
<Connector class="oracle.dbtools.crest.swingui.logical.TVRelation" oid="64ED3E48-E7AE-2182-60F6-BB2308FAC1FE" otype="Relation" vid_source="9D125221-44B2-0409-15AA-3BAEFF2A5F78" vid_target="67AE8FAB-5562-3C92-8574-D09430309F53">
<hideElementsInCurrentOnly>false</hideElementsInCurrentOnly>
<backgroundColor>-16777216</backgroundColor>
<lineWidth>1</lineWidth>
<points>
<point x="564" y="485"/>
<point x="947" y="485"/>
</points>
</Connector>
<Connector class="oracle.dbtools.crest.swingui.logical.TVRelation" oid="9459008C-6C5E-8286-4433-68FDBEC69BDA" otype="Relation" vid_source="9D125221-44B2-0409-15AA-3BAEFF2A5F78" vid_target="200D80AD-A2FA-B80F-8166-F32B6A8DAB1B">
<hideElementsInCurrentOnly>false</hideElementsInCurrentOnly>
<backgroundColor>-16777216</backgroundColor>
<lineWidth>1</lineWidth>
<sourceLabel class="oracle.dbtools.crest.model.design.Label">
<site>0</site>
<labelBounds x="323" y="449" width="64" height="30"/>
<noBackgroundColor>true</noBackgroundColor>
<noForegroundColor>true</noForegroundColor>
</sourceLabel>
<points>
<point x="393" y="479"/>
<point x="249" y="479"/>
</points>
</Connector>
<Connector class="oracle.dbtools.crest.swingui.logical.TVRelation" oid="AFDB8A5D-39AD-DA29-3DCC-2873104CA54F" otype="Relation" vid_source="9D125221-44B2-0409-15AA-3BAEFF2A5F78" vid_target="400C50FD-EE44-E9D6-55BD-DD5CD7DA0F74">
<hideElementsInCurrentOnly>false</hideElementsInCurrentOnly>
<backgroundColor>-16777216</backgroundColor>
<lineWidth>1</lineWidth>
<points>
<point x="564" y="415"/>
<point x="617" y="415"/>
<point x="617" y="334"/>
</points>
</Connector>
<Connector class="oracle.dbtools.crest.swingui.logical.TVRelation" oid="D3AB6826-F5CF-2E26-EB4F-1679ACCDA84D" otype="Relation" vid_source="200D80AD-A2FA-B80F-8166-F32B6A8DAB1B" vid_target="310DDD9E-0415-04DB-317B-9AB9AC704456">
<hideElementsInCurrentOnly>false</hideElementsInCurrentOnly>
<backgroundColor>-16777216</backgroundColor>
<lineWidth>1</lineWidth>
<points>
<point x="220" y="568"/>
<point x="220" y="668"/>
</points>
</Connector>
<Connector class="oracle.dbtools.crest.swingui.logical.TVRelation" oid="D9C4438A-0185-8C34-47BB-96A06F1D28A0" otype="Relation" vid_source="8F63CF1D-7708-FDC1-A588-120CC5C7F20F" vid_target="B60822D0-44F3-5FFF-721A-60A3AAB04FC6">
<hideElementsInCurrentOnly>false</hideElementsInCurrentOnly>
<backgroundColor>-16777216</backgroundColor>
<lineWidth>1</lineWidth>
<points>
<point x="473" y="151"/>
<point x="473" y="234"/>
</points>
</Connector>
<Connector class="oracle.dbtools.crest.swingui.logical.TVRelation" oid="DB37A38A-54F8-9185-5EA9-88B0E3BB2433" otype="Relation" vid_source="9D125221-44B2-0409-15AA-3BAEFF2A5F78" vid_target="310DDD9E-0415-04DB-317B-9AB9AC704456">
<hideElementsInCurrentOnly>false</hideElementsInCurrentOnly>
<backgroundColor>-16777216</backgroundColor>
<lineWidth>1</lineWidth>
<points>
<point x="432" y="623"/>
<point x="432" y="668"/>
</points>
</Connector>
<Connector class="oracle.dbtools.crest.swingui.logical.TVRelation" oid="F30F08B9-789A-EB7C-B617-5EEDBE2B982C" otype="Relation" vid_source="9D125221-44B2-0409-15AA-3BAEFF2A5F78" vid_target="B60822D0-44F3-5FFF-721A-60A3AAB04FC6">
<hideElementsInCurrentOnly>false</hideElementsInCurrentOnly>
<backgroundColor>-16777216</backgroundColor>
<lineWidth>1</lineWidth>
<points>
<point x="456" y="390"/>
<point x="456" y="300"/>
</points>
</Connector>
</connectors>
</Diagram>